"base_experience","height","id","order","weight","name","slot_types","bmi","front_default_url"
64,7,1,1,69,"Bulbasaur","[""grass"",""poison""]",98.57142857142857,"https://raw.githubusercontent.com/PokeAPI/sprites/master/sprites/pokemon/1.png"
142,10,2,2,130,"Ivysaur","[""grass"",""poison""]",130,"https://raw.githubusercontent.com/PokeAPI/sprites/master/sprites/pokemon/2.png"
263,20,3,3,1000,"Venusaur","[""grass"",""poison""]",500,"https://raw.githubusercontent.com/PokeAPI/sprites/master/sprites/pokemon/3.png"
62,6,4,5,85,"Charmander","[""fire""]",141.66666666666669,"https://raw.githubusercontent.com/PokeAPI/sprites/master/sprites/pokemon/4.png"
142,11,5,6,190,"Charmeleon","[""fire""]",172.72727272727272,"https://raw.githubusercontent.com/PokeAPI/sprites/master/sprites/pokemon/5.png"
267,17,6,7,905,"Charizard","[""fire"",""flying""]",532.3529411764705,"https://raw.githubusercontent.com/PokeAPI/sprites/master/sprites/pokemon/6.png"
63,5,7,10,90,"Squirtle","[""water""]",180,"https://raw.githubusercontent.com/PokeAPI/sprites/master/sprites/pokemon/7.png"
142,10,8,11,225,"Wartortle","[""water""]",225,"https://raw.githubusercontent.com/PokeAPI/sprites/master/sprites/pokemon/8.png"
265,16,9,12,855,"Blastoise","[""water""]",534.375,"https://raw.githubusercontent.com/PokeAPI/sprites/master/sprites/pokemon/9.png"
72,7,11,15,99,"Metapod","[""bug""]",141.42857142857142,"https://raw.githubusercontent.com/PokeAPI/sprites/master/sprites/pokemon/11.png"
39,3,10,14,29,"Caterpie","[""bug""]",96.66666666666669,"https://raw.githubusercontent.com/PokeAPI/sprites/master/sprites/pokemon/10.png"
198,11,12,16,320,"Butterfree","[""bug"",""flying""]",290.90909090909093,"https://raw.githubusercontent.com/PokeAPI/sprites/master/sprites/pokemon/12.png"
72,6,14,18,100,"Kakuna","[""bug"",""poison""]",166.66666666666669,"https://raw.githubusercontent.com/PokeAPI/sprites/master/sprites/pokemon/14.png"
178,10,15,19,295,"Beedrill","[""bug"",""poison""]",295,"https://raw.githubusercontent.com/PokeAPI/sprites/master/sprites/pokemon/15.png"
39,3,13,17,32,"Weedle","[""bug"",""poison""]",106.66666666666667,"https://raw.githubusercontent.com/PokeAPI/sprites/master/sprites/pokemon/13.png"
122,11,17,22,300,"Pidgeotto","[""normal"",""flying""]",272.72727272727275,"https://raw.githubusercontent.com/PokeAPI/sprites/master/sprites/pokemon/17.png"
50,3,16,21,18,"Pidgey","[""normal"",""flying""]",60.00000000000001,"https://raw.githubusercontent.com/PokeAPI/sprites/master/sprites/pokemon/16.png"
216,15,18,23,395,"Pidgeot","[""normal"",""flying""]",263.33333333333337,"https://raw.githubusercontent.com/PokeAPI/sprites/master/sprites/pokemon/18.png"
51,3,19,25,35,"Rattata","[""normal""]",116.66666666666667,"https://raw.githubusercontent.com/PokeAPI/sprites/master/sprites/pokemon/19.png"
52,3,21,30,20,"Spearow","[""normal"",""flying""]",66.66666666666667,"https://raw.githubusercontent.com/PokeAPI/sprites/master/sprites/pokemon/21.png"
145,7,20,27,185,"Raticate","[""normal""]",264.2857142857143,"https://raw.githubusercontent.com/PokeAPI/sprites/master/sprites/pokemon/20.png"
155,12,22,31,380,"Fearow","[""normal"",""flying""]",316.6666666666667,"https://raw.githubusercontent.com/PokeAPI/sprites/master/sprites/pokemon/22.png"
58,20,23,32,69,"Ekans","[""poison""]",34.5,"https://raw.githubusercontent.com/PokeAPI/sprites/master/sprites/pokemon/23.png"
157,35,24,33,650,"Arbok","[""poison""]",185.7142857142857,"https://raw.githubusercontent.com/PokeAPI/sprites/master/sprites/pokemon/24.png"
112,4,25,35,60,"Pikachu","[""electric""]",150,"https://raw.githubusercontent.com/PokeAPI/sprites/master/sprites/pokemon/25.png"
243,8,26,51,300,"Raichu","[""electric""]",375,"https://raw.githubusercontent.com/PokeAPI/sprites/master/sprites/pokemon/26.png"
60,6,27,53,120,"Sandshrew","[""ground""]",200,"https://raw.githubusercontent.com/PokeAPI/sprites/master/sprites/pokemon/27.png"
158,10,28,55,295,"Sandslash","[""ground""]",295,"https://raw.githubusercontent.com/PokeAPI/sprites/master/sprites/pokemon/28.png"
55,4,29,57,70,"Nidoran-f","[""poison""]",175,"https://raw.githubusercontent.com/PokeAPI/sprites/master/sprites/pokemon/29.png"
128,8,30,58,200,"Nidorina","[""poison""]",250,"https://raw.githubusercontent.com/PokeAPI/sprites/master/sprites/pokemon/30.png"
253,13,31,59,600,"Nidoqueen","[""poison"",""ground""]",461.53846153846155,"https://raw.githubusercontent.com/PokeAPI/sprites/master/sprites/pokemon/31.png"
55,5,32,60,90,"Nidoran-m","[""poison""]",180,"https://raw.githubusercontent.com/PokeAPI/sprites/master/sprites/pokemon/32.png"
128,9,33,61,195,"Nidorino","[""poison""]",216.66666666666669,"https://raw.githubusercontent.com/PokeAPI/sprites/master/sprites/pokemon/33.png"
253,14,34,62,620,"Nidoking","[""poison"",""ground""]",442.85714285714283,"https://raw.githubusercontent.com/PokeAPI/sprites/master/sprites/pokemon/34.png"
60,6,37,66,99,"Vulpix","[""fire""]",165,"https://raw.githubusercontent.com/PokeAPI/sprites/master/sprites/pokemon/37.png"
242,13,36,65,400,"Clefable","[""fairy""]",307.6923076923077,"https://raw.githubusercontent.com/PokeAPI/sprites/master/sprites/pokemon/36.png"
113,6,35,64,75,"Clefairy","[""fairy""]",125,"https://raw.githubusercontent.com/PokeAPI/sprites/master/sprites/pokemon/35.png"
177,11,38,68,199,"Ninetales","[""fire""]",180.90909090909093,"https://raw.githubusercontent.com/PokeAPI/sprites/master/sprites/pokemon/38.png"
218,10,40,72,120,"Wigglytuff","[""normal"",""fairy""]",120,"https://raw.githubusercontent.com/PokeAPI/sprites/master/sprites/pokemon/40.png"
95,5,39,71,55,"Jigglypuff","[""normal"",""fairy""]",110,"https://raw.githubusercontent.com/PokeAPI/sprites/master/sprites/pokemon/39.png"
49,8,41,73,75,"Zubat","[""poison"",""flying""]",93.75,"https://raw.githubusercontent.com/PokeAPI/sprites/master/sprites/pokemon/41.png"
64,5,43,76,54,"Oddish","[""grass"",""poison""]",108,"https://raw.githubusercontent.com/PokeAPI/sprites/master/sprites/pokemon/43.png"
159,16,42,74,550,"Golbat","[""poison"",""flying""]",343.75,"https://raw.githubusercontent.com/PokeAPI/sprites/master/sprites/pokemon/42.png"
138,8,44,77,86,"Gloom","[""grass"",""poison""]",107.5,"https://raw.githubusercontent.com/PokeAPI/sprites/master/sprites/pokemon/44.png"
245,12,45,78,186,"Vileplume","[""grass"",""poison""]",155.00000000000003,"https://raw.githubusercontent.com/PokeAPI/sprites/master/sprites/pokemon/45.png"
57,3,46,80,54,"Paras","[""bug"",""grass""]",180.00000000000003,"https://raw.githubusercontent.com/PokeAPI/sprites/master/sprites/pokemon/46.png"
142,10,47,81,295,"Parasect","[""bug"",""grass""]",295,"https://raw.githubusercontent.com/PokeAPI/sprites/master/sprites/pokemon/47.png"
158,15,49,83,125,"Venomoth","[""bug"",""poison""]",83.33333333333334,"https://raw.githubusercontent.com/PokeAPI/sprites/master/sprites/pokemon/49.png"
53,2,50,84,8,"Diglett","[""ground""]",40,"https://raw.githubusercontent.com/PokeAPI/sprites/master/sprites/pokemon/50.png"
61,10,48,82,300,"Venonat","[""bug"",""poison""]",300,"https://raw.githubusercontent.com/PokeAPI/sprites/master/sprites/pokemon/48.png"
149,7,51,86,333,"Dugtrio","[""ground""]",475.7142857142857,"https://raw.githubusercontent.com/PokeAPI/sprites/master/sprites/pokemon/51.png"
58,4,52,88,42,"Meowth","[""normal""]",105,"https://raw.githubusercontent.com/PokeAPI/sprites/master/sprites/pokemon/52.png"
154,10,53,91,320,"Persian","[""normal""]",320,"https://raw.githubusercontent.com/PokeAPI/sprites/master/sprites/pokemon/53.png"
175,17,55,94,766,"Golduck","[""water""]",450.5882352941177,"https://raw.githubusercontent.com/PokeAPI/sprites/master/sprites/pokemon/55.png"
61,5,56,95,280,"Mankey","[""fighting""]",560,"https://raw.githubusercontent.com/PokeAPI/sprites/master/sprites/pokemon/56.png"
64,8,54,93,196,"Psyduck","[""water""]",245,"https://raw.githubusercontent.com/PokeAPI/sprites/master/sprites/pokemon/54.png"
159,10,57,96,320,"Primeape","[""fighting""]",320,"https://raw.githubusercontent.com/PokeAPI/sprites/master/sprites/pokemon/57.png"
70,7,58,97,190,"Growlithe","[""fire""]",271.4285714285714,"https://raw.githubusercontent.com/PokeAPI/sprites/master/sprites/pokemon/58.png"
194,19,59,98,1550,"Arcanine","[""fire""]",815.7894736842105,"https://raw.githubusercontent.com/PokeAPI/sprites/master/sprites/pokemon/59.png"
60,6,60,99,124,"Poliwag","[""water""]",206.66666666666669,"https://raw.githubusercontent.com/PokeAPI/sprites/master/sprites/pokemon/60.png"
135,10,61,100,200,"Poliwhirl","[""water""]",200,"https://raw.githubusercontent.com/PokeAPI/sprites/master/sprites/pokemon/61.png"
255,13,62,101,540,"Poliwrath","[""water"",""fighting""]",415.38461538461536,"https://raw.githubusercontent.com/PokeAPI/sprites/master/sprites/pokemon/62.png"
62,9,63,103,195,"Abra","[""psychic""]",216.66666666666669,"https://raw.githubusercontent.com/PokeAPI/sprites/master/sprites/pokemon/63.png"
140,13,64,104,565,"Kadabra","[""psychic""]",434.6153846153846,"https://raw.githubusercontent.com/PokeAPI/sprites/master/sprites/pokemon/64.png"
250,15,65,105,480,"Alakazam","[""psychic""]",320,"https://raw.githubusercontent.com/PokeAPI/sprites/master/sprites/pokemon/65.png"
61,8,66,107,195,"Machop","[""fighting""]",243.75,"https://raw.githubusercontent.com/PokeAPI/sprites/master/sprites/pokemon/66.png"
142,15,67,108,705,"Machoke","[""fighting""]",470,"https://raw.githubusercontent.com/PokeAPI/sprites/master/sprites/pokemon/67.png"
253,16,68,109,1300,"Machamp","[""fighting""]",812.5,"https://raw.githubusercontent.com/PokeAPI/sprites/master/sprites/pokemon/68.png"
60,7,69,110,40,"Bellsprout","[""grass"",""poison""]",57.14285714285714,"https://raw.githubusercontent.com/PokeAPI/sprites/master/sprites/pokemon/69.png"
137,10,70,111,64,"Weepinbell","[""grass"",""poison""]",64,"https://raw.githubusercontent.com/PokeAPI/sprites/master/sprites/pokemon/70.png"
221,17,71,112,155,"Victreebel","[""grass"",""poison""]",91.17647058823529,"https://raw.githubusercontent.com/PokeAPI/sprites/master/sprites/pokemon/71.png"
67,9,72,113,455,"Tentacool","[""water"",""poison""]",505.5555555555556,"https://raw.githubusercontent.com/PokeAPI/sprites/master/sprites/pokemon/72.png"
180,16,73,114,550,"Tentacruel","[""water"",""poison""]",343.75,"https://raw.githubusercontent.com/PokeAPI/sprites/master/sprites/pokemon/73.png"
60,4,74,115,200,"Geodude","[""rock"",""ground""]",500,"https://raw.githubusercontent.com/PokeAPI/sprites/master/sprites/pokemon/74.png"
137,10,75,117,1050,"Graveler","[""rock"",""ground""]",1050,"https://raw.githubusercontent.com/PokeAPI/sprites/master/sprites/pokemon/75.png"
82,10,77,121,300,"Ponyta","[""fire""]",300,"https://raw.githubusercontent.com/PokeAPI/sprites/master/sprites/pokemon/77.png"
175,17,78,123,950,"Rapidash","[""fire""]",558.8235294117646,"https://raw.githubusercontent.com/PokeAPI/sprites/master/sprites/pokemon/78.png"
223,14,76,119,3000,"Golem","[""rock"",""ground""]",2142.8571428571427,"https://raw.githubusercontent.com/PokeAPI/sprites/master/sprites/pokemon/76.png"
63,12,79,125,360,"Slowpoke","[""water"",""psychic""]",300,"https://raw.githubusercontent.com/PokeAPI/sprites/master/sprites/pokemon/79.png"
172,16,80,127,785,"Slowbro","[""water"",""psychic""]",490.625,"https://raw.githubusercontent.com/PokeAPI/sprites/master/sprites/pokemon/80.png"
65,3,81,132,60,"Magnemite","[""electric"",""steel""]",200,"https://raw.githubusercontent.com/PokeAPI/sprites/master/sprites/pokemon/81.png"
132,8,83,135,150,"Farfetchd","[""normal"",""flying""]",187.5,"https://raw.githubusercontent.com/PokeAPI/sprites/master/sprites/pokemon/83.png"
163,10,82,133,600,"Magneton","[""electric"",""steel""]",600,"https://raw.githubusercontent.com/PokeAPI/sprites/master/sprites/pokemon/82.png"
165,18,85,138,852,"Dodrio","[""normal"",""flying""]",473.33333333333337,"https://raw.githubusercontent.com/PokeAPI/sprites/master/sprites/pokemon/85.png"
62,14,84,137,392,"Doduo","[""normal"",""flying""]",280,"https://raw.githubusercontent.com/PokeAPI/sprites/master/sprites/pokemon/84.png"
65,11,86,139,900,"Seel","[""water""]",818.1818181818181,"https://raw.githubusercontent.com/PokeAPI/sprites/master/sprites/pokemon/86.png"
166,17,87,140,1200,"Dewgong","[""water"",""ice""]",705.8823529411765,"https://raw.githubusercontent.com/PokeAPI/sprites/master/sprites/pokemon/87.png"
65,9,88,141,300,"Grimer","[""poison""]",333.33333333333337,"https://raw.githubusercontent.com/PokeAPI/sprites/master/sprites/pokemon/88.png"
175,12,89,143,300,"Muk","[""poison""]",250,"https://raw.githubusercontent.com/PokeAPI/sprites/master/sprites/pokemon/89.png"
184,15,91,146,1325,"Cloyster","[""water"",""ice""]",883.3333333333334,"https://raw.githubusercontent.com/PokeAPI/sprites/master/sprites/pokemon/91.png"
61,3,90,145,40,"Shellder","[""water""]",133.33333333333334,"https://raw.githubusercontent.com/PokeAPI/sprites/master/sprites/pokemon/90.png"
62,13,92,147,1,"Gastly","[""ghost"",""poison""]",0.7692307692307693,"https://raw.githubusercontent.com/PokeAPI/sprites/master/sprites/pokemon/92.png"
142,16,93,148,1,"Haunter","[""ghost"",""poison""]",0.625,"https://raw.githubusercontent.com/PokeAPI/sprites/master/sprites/pokemon/93.png"
77,88,95,151,2100,"Onix","[""rock"",""ground""]",238.63636363636363,"https://raw.githubusercontent.com/PokeAPI/sprites/master/sprites/pokemon/95.png"
66,10,96,154,324,"Drowzee","[""psychic""]",323.99999999999994,"https://raw.githubusercontent.com/PokeAPI/sprites/master/sprites/pokemon/96.png"
66,5,100,158,104,"Voltorb","[""electric""]",208,"https://raw.githubusercontent.com/PokeAPI/sprites/master/sprites/pokemon/100.png"
65,4,98,156,65,"Krabby","[""water""]",162.5,"https://raw.githubusercontent.com/PokeAPI/sprites/master/sprites/pokemon/98.png"
172,12,101,159,666,"Electrode","[""electric""]",555.0000000000001,"https://raw.githubusercontent.com/PokeAPI/sprites/master/sprites/pokemon/101.png"
250,15,94,149,405,"Gengar","[""ghost"",""poison""]",270,"https://raw.githubusercontent.com/PokeAPI/sprites/master/sprites/pokemon/94.png"
169,16,97,155,756,"Hypno","[""psychic""]",472.50000000000006,"https://raw.githubusercontent.com/PokeAPI/sprites/master/sprites/pokemon/97.png"
166,13,99,157,600,"Kingler","[""water""]",461.53846153846155,"https://raw.githubusercontent.com/PokeAPI/sprites/master/sprites/pokemon/99.png"
65,4,102,160,25,"Exeggcute","[""grass"",""psychic""]",62.5,"https://raw.githubusercontent.com/PokeAPI/sprites/master/sprites/pokemon/102.png"
186,20,103,161,1200,"Exeggutor","[""grass"",""psychic""]",600,"https://raw.githubusercontent.com/PokeAPI/sprites/master/sprites/pokemon/103.png"
64,4,104,163,65,"Cubone","[""ground""]",162.5,"https://raw.githubusercontent.com/PokeAPI/sprites/master/sprites/pokemon/104.png"
159,15,106,168,498,"Hitmonlee","[""fighting""]",332.00000000000006,"https://raw.githubusercontent.com/PokeAPI/sprites/master/sprites/pokemon/106.png"
149,10,105,164,450,"Marowak","[""ground""]",450,"https://raw.githubusercontent.com/PokeAPI/sprites/master/sprites/pokemon/105.png"
159,14,107,169,502,"Hitmonchan","[""fighting""]",358.57142857142856,"https://raw.githubusercontent.com/PokeAPI/sprites/master/sprites/pokemon/107.png"
77,12,108,171,655,"Lickitung","[""normal""]",545.8333333333334,"https://raw.githubusercontent.com/PokeAPI/sprites/master/sprites/pokemon/108.png"
68,6,109,173,10,"Koffing","[""poison""]",16.666666666666668,"https://raw.githubusercontent.com/PokeAPI/sprites/master/sprites/pokemon/109.png"
172,12,110,174,95,"Weezing","[""poison""]",79.16666666666667,"https://raw.githubusercontent.com/PokeAPI/sprites/master/sprites/pokemon/110.png"
69,10,111,176,1150,"Rhyhorn","[""ground"",""rock""]",1150,"https://raw.githubusercontent.com/PokeAPI/sprites/master/sprites/pokemon/111.png"
170,19,112,177,1200,"Rhydon","[""ground"",""rock""]",631.578947368421,"https://raw.githubusercontent.com/PokeAPI/sprites/master/sprites/pokemon/112.png"
395,11,113,180,346,"Chansey","[""normal""]",314.54545454545456,"https://raw.githubusercontent.com/PokeAPI/sprites/master/sprites/pokemon/113.png"
87,10,114,182,350,"Tangela","[""grass""]",350,"https://raw.githubusercontent.com/PokeAPI/sprites/master/sprites/pokemon/114.png"
172,22,115,184,800,"Kangaskhan","[""normal""]",363.6363636363636,"https://raw.githubusercontent.com/PokeAPI/sprites/master/sprites/pokemon/115.png"
59,4,116,186,80,"Horsea","[""water""]",200,"https://raw.githubusercontent.com/PokeAPI/sprites/master/sprites/pokemon/116.png"
158,13,119,190,390,"Seaking","[""water""]",300,"https://raw.githubusercontent.com/PokeAPI/sprites/master/sprites/pokemon/119.png"
154,12,117,187,250,"Seadra","[""water""]",208.33333333333334,"https://raw.githubusercontent.com/PokeAPI/sprites/master/sprites/pokemon/117.png"
64,6,118,189,150,"Goldeen","[""water""]",250,"https://raw.githubusercontent.com/PokeAPI/sprites/master/sprites/pokemon/118.png"
68,8,120,191,345,"Staryu","[""water""]",431.25,"https://raw.githubusercontent.com/PokeAPI/sprites/master/sprites/pokemon/120.png"
182,11,121,192,800,"Starmie","[""water"",""psychic""]",727.2727272727273,"https://raw.githubusercontent.com/PokeAPI/sprites/master/sprites/pokemon/121.png"
161,13,122,194,545,"Mr-mime","[""psychic"",""fairy""]",419.2307692307692,"https://raw.githubusercontent.com/PokeAPI/sprites/master/sprites/pokemon/122.png"
100,15,123,196,560,"Scyther","[""bug"",""flying""]",373.33333333333337,"https://raw.githubusercontent.com/PokeAPI/sprites/master/sprites/pokemon/123.png"
159,14,124,200,406,"Jynx","[""ice"",""psychic""]",290,"https://raw.githubusercontent.com/PokeAPI/sprites/master/sprites/pokemon/124.png"
172,11,125,202,300,"Electabuzz","[""electric""]",272.72727272727275,"https://raw.githubusercontent.com/PokeAPI/sprites/master/sprites/pokemon/125.png"
173,13,126,205,445,"Magmar","[""fire""]",342.3076923076923,"https://raw.githubusercontent.com/PokeAPI/sprites/master/sprites/pokemon/126.png"
175,15,127,207,550,"Pinsir","[""bug""]",366.6666666666667,"https://raw.githubusercontent.com/PokeAPI/sprites/master/sprites/pokemon/127.png"
172,14,128,209,884,"Tauros","[""normal""]",631.4285714285714,"https://raw.githubusercontent.com/PokeAPI/sprites/master/sprites/pokemon/128.png"
40,9,129,210,100,"Magikarp","[""water""]",111.11111111111111,"https://raw.githubusercontent.com/PokeAPI/sprites/master/sprites/pokemon/129.png"
187,25,131,213,2200,"Lapras","[""water"",""ice""]",880,"https://raw.githubusercontent.com/PokeAPI/sprites/master/sprites/pokemon/131.png"
189,65,130,211,2350,"Gyarados","[""water"",""flying""]",361.53846153846155,"https://raw.githubusercontent.com/PokeAPI/sprites/master/sprites/pokemon/130.png"
101,3,132,214,40,"Ditto","[""normal""]",133.33333333333334,"https://raw.githubusercontent.com/PokeAPI/sprites/master/sprites/pokemon/132.png"
65,3,133,215,65,"Eevee","[""normal""]",216.66666666666669,"https://raw.githubusercontent.com/PokeAPI/sprites/master/sprites/pokemon/133.png"
184,9,136,219,250,"Flareon","[""fire""]",277.77777777777777,"https://raw.githubusercontent.com/PokeAPI/sprites/master/sprites/pokemon/136.png"
184,10,134,217,290,"Vaporeon","[""water""]",290,"https://raw.githubusercontent.com/PokeAPI/sprites/master/sprites/pokemon/134.png"
184,8,135,218,245,"Jolteon","[""electric""]",306.25,"https://raw.githubusercontent.com/PokeAPI/sprites/master/sprites/pokemon/135.png"
79,8,137,225,365,"Porygon","[""normal""]",456.25,"https://raw.githubusercontent.com/PokeAPI/sprites/master/sprites/pokemon/137.png"
71,4,138,228,75,"Omanyte","[""rock"",""water""]",187.5,"https://raw.githubusercontent.com/PokeAPI/sprites/master/sprites/pokemon/138.png"
71,5,140,230,115,"Kabuto","[""rock"",""water""]",230,"https://raw.githubusercontent.com/PokeAPI/sprites/master/sprites/pokemon/140.png"
173,10,139,229,350,"Omastar","[""rock"",""water""]",350,"https://raw.githubusercontent.com/PokeAPI/sprites/master/sprites/pokemon/139.png"
173,13,141,231,405,"Kabutops","[""rock"",""water""]",311.53846153846155,"https://raw.githubusercontent.com/PokeAPI/sprites/master/sprites/pokemon/141.png"
180,18,142,232,590,"Aerodactyl","[""rock"",""flying""]",327.77777777777777,"https://raw.githubusercontent.com/PokeAPI/sprites/master/sprites/pokemon/142.png"
189,21,143,235,4600,"Snorlax","[""normal""]",2190.4761904761904,"https://raw.githubusercontent.com/PokeAPI/sprites/master/sprites/pokemon/143.png"
290,17,144,236,554,"Articuno","[""ice"",""flying""]",325.88235294117646,"https://raw.githubusercontent.com/PokeAPI/sprites/master/sprites/pokemon/144.png"
290,16,145,238,526,"Zapdos","[""electric"",""flying""]",328.75,"https://raw.githubusercontent.com/PokeAPI/sprites/master/sprites/pokemon/145.png"
290,20,146,240,600,"Moltres","[""fire"",""flying""]",300,"https://raw.githubusercontent.com/PokeAPI/sprites/master/sprites/pokemon/146.png"
60,18,147,242,33,"Dratini","[""dragon""]",18.333333333333336,"https://raw.githubusercontent.com/PokeAPI/sprites/master/sprites/pokemon/147.png"
147,40,148,243,165,"Dragonair","[""dragon""]",41.25,"https://raw.githubusercontent.com/PokeAPI/sprites/master/sprites/pokemon/148.png"
300,22,149,244,2100,"Dragonite","[""dragon"",""flying""]",954.5454545454545,"https://raw.githubusercontent.com/PokeAPI/sprites/master/sprites/pokemon/149.png"
64,9,152,249,64,"Chikorita","[""grass""]",71.11111111111111,"https://raw.githubusercontent.com/PokeAPI/sprites/master/sprites/pokemon/152.png"
340,20,150,245,1220,"Mewtwo","[""psychic""]",610,"https://raw.githubusercontent.com/PokeAPI/sprites/master/sprites/pokemon/150.png"
142,12,153,250,158,"Bayleef","[""grass""]",131.66666666666669,"https://raw.githubusercontent.com/PokeAPI/sprites/master/sprites/pokemon/153.png"
300,4,151,248,40,"Mew","[""psychic""]",100,"https://raw.githubusercontent.com/PokeAPI/sprites/master/sprites/pokemon/151.png"
236,18,154,251,1005,"Meganium","[""grass""]",558.3333333333334,"https://raw.githubusercontent.com/PokeAPI/sprites/master/sprites/pokemon/154.png"
62,5,155,252,79,"Cyndaquil","[""fire""]",158,"https://raw.githubusercontent.com/PokeAPI/sprites/master/sprites/pokemon/155.png"
142,9,156,253,190,"Quilava","[""fire""]",211.11111111111111,"https://raw.githubusercontent.com/PokeAPI/sprites/master/sprites/pokemon/156.png"
240,17,157,254,795,"Typhlosion","[""fire""]",467.6470588235294,"https://raw.githubusercontent.com/PokeAPI/sprites/master/sprites/pokemon/157.png"
43,8,161,258,60,"Sentret","[""normal""]",75,"https://raw.githubusercontent.com/PokeAPI/sprites/master/sprites/pokemon/161.png"
63,6,158,255,95,"Totodile","[""water""]",158.33333333333334,"https://raw.githubusercontent.com/PokeAPI/sprites/master/sprites/pokemon/158.png"
142,11,159,256,250,"Croconaw","[""water""]",227.27272727272728,"https://raw.githubusercontent.com/PokeAPI/sprites/master/sprites/pokemon/159.png"
239,23,160,257,888,"Feraligatr","[""water""]",386.0869565217392,"https://raw.githubusercontent.com/PokeAPI/sprites/master/sprites/pokemon/160.png"
52,7,163,260,212,"Hoothoot","[""normal"",""flying""]",302.8571428571429,"https://raw.githubusercontent.com/PokeAPI/sprites/master/sprites/pokemon/163.png"
158,16,164,261,408,"Noctowl","[""normal"",""flying""]",255.00000000000003,"https://raw.githubusercontent.com/PokeAPI/sprites/master/sprites/pokemon/164.png"
145,18,162,259,325,"Furret","[""normal""]",180.55555555555557,"https://raw.githubusercontent.com/PokeAPI/sprites/master/sprites/pokemon/162.png"
140,11,168,265,335,"Ariados","[""bug"",""poison""]",304.54545454545456,"https://raw.githubusercontent.com/PokeAPI/sprites/master/sprites/pokemon/168.png"
53,10,165,262,108,"Ledyba","[""bug"",""flying""]",108,"https://raw.githubusercontent.com/PokeAPI/sprites/master/sprites/pokemon/165.png"
137,14,166,263,356,"Ledian","[""bug"",""flying""]",254.28571428571428,"https://raw.githubusercontent.com/PokeAPI/sprites/master/sprites/pokemon/166.png"
50,5,167,264,85,"Spinarak","[""bug"",""poison""]",170,"https://raw.githubusercontent.com/PokeAPI/sprites/master/sprites/pokemon/167.png"
268,18,169,75,750,"Crobat","[""poison"",""flying""]",416.6666666666667,"https://raw.githubusercontent.com/PokeAPI/sprites/master/sprites/pokemon/169.png"
66,5,170,266,120,"Chinchou","[""water"",""electric""]",240,"https://raw.githubusercontent.com/PokeAPI/sprites/master/sprites/pokemon/170.png"
41,3,172,34,20,"Pichu","[""electric""]",66.66666666666667,"https://raw.githubusercontent.com/PokeAPI/sprites/master/sprites/pokemon/172.png"
44,3,173,63,30,"Cleffa","[""fairy""]",100,"https://raw.githubusercontent.com/PokeAPI/sprites/master/sprites/pokemon/173.png"
161,12,171,267,225,"Lanturn","[""water"",""electric""]",187.5,"https://raw.githubusercontent.com/PokeAPI/sprites/master/sprites/pokemon/171.png"
42,3,174,70,10,"Igglybuff","[""normal"",""fairy""]",33.333333333333336,"https://raw.githubusercontent.com/PokeAPI/sprites/master/sprites/pokemon/174.png"
49,3,175,268,15,"Togepi","[""fairy""]",50,"https://raw.githubusercontent.com/PokeAPI/sprites/master/sprites/pokemon/175.png"
142,6,176,269,32,"Togetic","[""fairy"",""flying""]",53.333333333333336,"https://raw.githubusercontent.com/PokeAPI/sprites/master/sprites/pokemon/176.png"
128,8,180,274,133,"Flaaffy","[""electric""]",166.25,"https://raw.githubusercontent.com/PokeAPI/sprites/master/sprites/pokemon/180.png"
165,15,178,272,150,"Xatu","[""psychic"",""flying""]",100,"https://raw.githubusercontent.com/PokeAPI/sprites/master/sprites/pokemon/178.png"
56,6,179,273,78,"Mareep","[""electric""]",130.00000000000003,"https://raw.githubusercontent.com/PokeAPI/sprites/master/sprites/pokemon/179.png"
230,14,181,275,615,"Ampharos","[""electric""]",439.2857142857142,"https://raw.githubusercontent.com/PokeAPI/sprites/master/sprites/pokemon/181.png"
64,2,177,271,20,"Natu","[""psychic"",""flying""]",100,"https://raw.githubusercontent.com/PokeAPI/sprites/master/sprites/pokemon/177.png"
245,4,182,79,58,"Bellossom","[""grass""]",145.00000000000003,"https://raw.githubusercontent.com/PokeAPI/sprites/master/sprites/pokemon/182.png"
88,4,183,278,85,"Marill","[""water"",""fairy""]",212.5,"https://raw.githubusercontent.com/PokeAPI/sprites/master/sprites/pokemon/183.png"
210,8,184,279,285,"Azumarill","[""water"",""fairy""]",356.25,"https://raw.githubusercontent.com/PokeAPI/sprites/master/sprites/pokemon/184.png"
144,12,185,281,380,"Sudowoodo","[""rock""]",316.6666666666667,"https://raw.githubusercontent.com/PokeAPI/sprites/master/sprites/pokemon/185.png"
250,11,186,102,339,"Politoed","[""water""]",308.1818181818182,"https://raw.githubusercontent.com/PokeAPI/sprites/master/sprites/pokemon/186.png"
50,4,187,282,5,"Hoppip","[""grass"",""flying""]",12.5,"https://raw.githubusercontent.com/PokeAPI/sprites/master/sprites/pokemon/187.png"
119,6,188,283,10,"Skiploom","[""grass"",""flying""]",16.666666666666668,"https://raw.githubusercontent.com/PokeAPI/sprites/master/sprites/pokemon/188.png"
207,8,189,284,30,"Jumpluff","[""grass"",""flying""]",37.5,"https://raw.githubusercontent.com/PokeAPI/sprites/master/sprites/pokemon/189.png"
72,8,190,285,115,"Aipom","[""normal""]",143.75,"https://raw.githubusercontent.com/PokeAPI/sprites/master/sprites/pokemon/190.png"
36,3,191,287,18,"Sunkern","[""grass""]",60.00000000000001,"https://raw.githubusercontent.com/PokeAPI/sprites/master/sprites/pokemon/191.png"
149,8,192,288,85,"Sunflora","[""grass""]",106.25,"https://raw.githubusercontent.com/PokeAPI/sprites/master/sprites/pokemon/192.png"
78,12,193,289,380,"Yanma","[""bug"",""flying""]",316.6666666666667,"https://raw.githubusercontent.com/PokeAPI/sprites/master/sprites/pokemon/193.png"
151,14,195,292,750,"Quagsire","[""water"",""ground""]",535.7142857142857,"https://raw.githubusercontent.com/PokeAPI/sprites/master/sprites/pokemon/195.png"
42,4,194,291,85,"Wooper","[""water"",""ground""]",212.5,"https://raw.githubusercontent.com/PokeAPI/sprites/master/sprites/pokemon/194.png"
184,9,196,220,265,"Espeon","[""psychic""]",294.44444444444446,"https://raw.githubusercontent.com/PokeAPI/sprites/master/sprites/pokemon/196.png"
184,10,197,221,270,"Umbreon","[""dark""]",270,"https://raw.githubusercontent.com/PokeAPI/sprites/master/sprites/pokemon/197.png"
81,5,198,293,21,"Murkrow","[""dark"",""flying""]",42,"https://raw.githubusercontent.com/PokeAPI/sprites/master/sprites/pokemon/198.png"
172,20,199,130,795,"Slowking","[""water"",""psychic""]",397.5,"https://raw.githubusercontent.com/PokeAPI/sprites/master/sprites/pokemon/199.png"
87,7,200,295,10,"Misdreavus","[""ghost""]",14.285714285714285,"https://raw.githubusercontent.com/PokeAPI/sprites/master/sprites/pokemon/200.png"
142,13,202,299,285,"Wobbuffet","[""psychic""]",219.23076923076923,"https://raw.githubusercontent.com/PokeAPI/sprites/master/sprites/pokemon/202.png"
58,6,204,301,72,"Pineco","[""bug""]",120.00000000000001,"https://raw.githubusercontent.com/PokeAPI/sprites/master/sprites/pokemon/204.png"
118,5,201,297,50,"Unown","[""psychic""]",100,"https://raw.githubusercontent.com/PokeAPI/sprites/master/sprites/pokemon/201.png"
163,12,205,302,1258,"Forretress","[""bug"",""steel""]",1048.3333333333335,"https://raw.githubusercontent.com/PokeAPI/sprites/master/sprites/pokemon/205.png"
159,15,203,300,415,"Girafarig","[""normal"",""psychic""]",276.6666666666667,"https://raw.githubusercontent.com/PokeAPI/sprites/master/sprites/pokemon/203.png"
145,15,206,303,140,"Dunsparce","[""normal""]",93.33333333333334,"https://raw.githubusercontent.com/PokeAPI/sprites/master/sprites/pokemon/206.png"
86,11,207,304,648,"Gligar","[""ground"",""flying""]",589.090909090909,"https://raw.githubusercontent.com/PokeAPI/sprites/master/sprites/pokemon/207.png"
179,92,208,152,4000,"Steelix","[""steel"",""ground""]",434.78260869565213,"https://raw.githubusercontent.com/PokeAPI/sprites/master/sprites/pokemon/208.png"
158,14,210,307,487,"Granbull","[""fairy""]",347.85714285714283,"https://raw.githubusercontent.com/PokeAPI/sprites/master/sprites/pokemon/210.png"
60,6,209,306,78,"Snubbull","[""fairy""]",130.00000000000003,"https://raw.githubusercontent.com/PokeAPI/sprites/master/sprites/pokemon/209.png"
88,5,211,308,39,"Qwilfish","[""water"",""poison""]",78,"https://raw.githubusercontent.com/PokeAPI/sprites/master/sprites/pokemon/211.png"
175,15,214,310,540,"Heracross","[""bug"",""fighting""]",360,"https://raw.githubusercontent.com/PokeAPI/sprites/master/sprites/pokemon/214.png"
177,6,213,309,205,"Shuckle","[""bug"",""rock""]",341.6666666666667,"https://raw.githubusercontent.com/PokeAPI/sprites/master/sprites/pokemon/213.png"
175,18,212,197,1180,"Scizor","[""bug"",""steel""]",655.5555555555555,"https://raw.githubusercontent.com/PokeAPI/sprites/master/sprites/pokemon/212.png"
86,9,215,312,280,"Sneasel","[""dark"",""ice""]",311.11111111111114,"https://raw.githubusercontent.com/PokeAPI/sprites/master/sprites/pokemon/215.png"
66,6,216,314,88,"Teddiursa","[""normal""]",146.66666666666669,"https://raw.githubusercontent.com/PokeAPI/sprites/master/sprites/pokemon/216.png"
50,7,218,316,350,"Slugma","[""fire""]",499.99999999999994,"https://raw.githubusercontent.com/PokeAPI/sprites/master/sprites/pokemon/218.png"
175,18,217,315,1258,"Ursaring","[""normal""]",698.888888888889,"https://raw.githubusercontent.com/PokeAPI/sprites/master/sprites/pokemon/217.png"
50,4,220,318,65,"Swinub","[""ice"",""ground""]",162.5,"https://raw.githubusercontent.com/PokeAPI/sprites/master/sprites/pokemon/220.png"
151,8,219,317,550,"Magcargo","[""fire"",""rock""]",687.5,"https://raw.githubusercontent.com/PokeAPI/sprites/master/sprites/pokemon/219.png"
158,11,221,319,558,"Piloswine","[""ice"",""ground""]",507.2727272727273,"https://raw.githubusercontent.com/PokeAPI/sprites/master/sprites/pokemon/221.png"
144,6,222,321,50,"Corsola","[""water"",""rock""]",83.33333333333334,"https://raw.githubusercontent.com/PokeAPI/sprites/master/sprites/pokemon/222.png"
170,21,226,327,2200,"Mantine","[""water"",""flying""]",1047.6190476190477,"https://raw.githubusercontent.com/PokeAPI/sprites/master/sprites/pokemon/226.png"
168,9,224,324,285,"Octillery","[""water""]",316.6666666666667,"https://raw.githubusercontent.com/PokeAPI/sprites/master/sprites/pokemon/224.png"
60,6,223,323,120,"Remoraid","[""water""]",200,"https://raw.githubusercontent.com/PokeAPI/sprites/master/sprites/pokemon/223.png"
116,9,225,325,160,"Delibird","[""ice"",""flying""]",177.77777777777777,"https://raw.githubusercontent.com/PokeAPI/sprites/master/sprites/pokemon/225.png"
66,6,228,329,108,"Houndour","[""dark"",""fire""]",180.00000000000003,"https://raw.githubusercontent.com/PokeAPI/sprites/master/sprites/pokemon/228.png"
270,18,230,188,1520,"Kingdra","[""water"",""dragon""]",844.4444444444445,"https://raw.githubusercontent.com/PokeAPI/sprites/master/sprites/pokemon/230.png"
66,5,231,332,335,"Phanpy","[""ground""]",670,"https://raw.githubusercontent.com/PokeAPI/sprites/master/sprites/pokemon/231.png"
163,17,227,328,505,"Skarmory","[""steel"",""flying""]",297.05882352941177,"https://raw.githubusercontent.com/PokeAPI/sprites/master/sprites/pokemon/227.png"
175,14,229,330,350,"Houndoom","[""dark"",""fire""]",249.99999999999997,"https://raw.githubusercontent.com/PokeAPI/sprites/master/sprites/pokemon/229.png"
175,11,232,333,1200,"Donphan","[""ground""]",1090.909090909091,"https://raw.githubusercontent.com/PokeAPI/sprites/master/sprites/pokemon/232.png"
180,6,233,226,325,"Porygon2","[""normal""]",541.6666666666667,"https://raw.githubusercontent.com/PokeAPI/sprites/master/sprites/pokemon/233.png"
88,12,235,335,580,"Smeargle","[""normal""]",483.33333333333337,"https://raw.githubusercontent.com/PokeAPI/sprites/master/sprites/pokemon/235.png"
42,7,236,167,210,"Tyrogue","[""fighting""]",299.99999999999994,"https://raw.githubusercontent.com/PokeAPI/sprites/master/sprites/pokemon/236.png"
163,14,234,334,712,"Stantler","[""normal""]",508.57142857142856,"https://raw.githubusercontent.com/PokeAPI/sprites/master/sprites/pokemon/234.png"
159,14,237,170,480,"Hitmontop","[""fighting""]",342.85714285714283,"https://raw.githubusercontent.com/PokeAPI/sprites/master/sprites/pokemon/237.png"
61,4,238,199,60,"Smoochum","[""ice"",""psychic""]",150,"https://raw.githubusercontent.com/PokeAPI/sprites/master/sprites/pokemon/238.png"
72,6,239,201,235,"Elekid","[""electric""]",391.6666666666667,"https://raw.githubusercontent.com/PokeAPI/sprites/master/sprites/pokemon/239.png"
73,7,240,204,214,"Magby","[""fire""]",305.7142857142857,"https://raw.githubusercontent.com/PokeAPI/sprites/master/sprites/pokemon/240.png"
172,12,241,336,755,"Miltank","[""normal""]",629.1666666666667,"https://raw.githubusercontent.com/PokeAPI/sprites/master/sprites/pokemon/241.png"
635,15,242,181,468,"Blissey","[""normal""]",312.00000000000006,"https://raw.githubusercontent.com/PokeAPI/sprites/master/sprites/pokemon/242.png"
290,19,243,337,1780,"Raikou","[""electric""]",936.8421052631579,"https://raw.githubusercontent.com/PokeAPI/sprites/master/sprites/pokemon/243.png"
290,21,244,338,1980,"Entei","[""fire""]",942.8571428571429,"https://raw.githubusercontent.com/PokeAPI/sprites/master/sprites/pokemon/244.png"
290,20,245,339,1870,"Suicune","[""water""]",935,"https://raw.githubusercontent.com/PokeAPI/sprites/master/sprites/pokemon/245.png"
60,6,246,340,720,"Larvitar","[""rock"",""ground""]",1200,"https://raw.githubusercontent.com/PokeAPI/sprites/master/sprites/pokemon/246.png"
144,12,247,341,1520,"Pupitar","[""rock"",""ground""]",1266.6666666666667,"https://raw.githubusercontent.com/PokeAPI/sprites/master/sprites/pokemon/247.png"
300,20,248,342,2020,"Tyranitar","[""rock"",""dark""]",1010,"https://raw.githubusercontent.com/PokeAPI/sprites/master/sprites/pokemon/248.png"
340,52,249,344,2160,"Lugia","[""psychic"",""flying""]",415.38461538461536,"https://raw.githubusercontent.com/PokeAPI/sprites/master/sprites/pokemon/249.png"
340,38,250,345,1990,"Ho-oh","[""fire"",""flying""]",523.6842105263158,"https://raw.githubusercontent.com/PokeAPI/sprites/master/sprites/pokemon/250.png"
300,6,251,346,50,"Celebi","[""psychic"",""grass""]",83.33333333333334,"https://raw.githubusercontent.com/PokeAPI/sprites/master/sprites/pokemon/251.png"
62,5,252,347,50,"Treecko","[""grass""]",100,"https://raw.githubusercontent.com/PokeAPI/sprites/master/sprites/pokemon/252.png"
142,9,253,348,216,"Grovyle","[""grass""]",240.00000000000003,"https://raw.githubusercontent.com/PokeAPI/sprites/master/sprites/pokemon/253.png"
142,9,256,352,195,"Combusken","[""fire"",""fighting""]",216.66666666666669,"https://raw.githubusercontent.com/PokeAPI/sprites/master/sprites/pokemon/256.png"
62,4,255,351,25,"Torchic","[""fire""]",62.5,"https://raw.githubusercontent.com/PokeAPI/sprites/master/sprites/pokemon/255.png"
265,17,254,349,522,"Sceptile","[""grass""]",307.05882352941177,"https://raw.githubusercontent.com/PokeAPI/sprites/master/sprites/pokemon/254.png"
265,19,257,353,520,"Blaziken","[""fire"",""fighting""]",273.6842105263158,"https://raw.githubusercontent.com/PokeAPI/sprites/master/sprites/pokemon/257.png"
268,15,260,357,819,"Swampert","[""water"",""ground""]",546.0000000000001,"https://raw.githubusercontent.com/PokeAPI/sprites/master/sprites/pokemon/260.png"
142,7,259,356,280,"Marshtomp","[""water"",""ground""]",399.99999999999994,"https://raw.githubusercontent.com/PokeAPI/sprites/master/sprites/pokemon/259.png"
56,5,261,359,136,"Poochyena","[""dark""]",272,"https://raw.githubusercontent.com/PokeAPI/sprites/master/sprites/pokemon/261.png"
62,4,258,355,76,"Mudkip","[""water""]",190,"https://raw.githubusercontent.com/PokeAPI/sprites/master/sprites/pokemon/258.png"
147,5,264,363,325,"Linoone","[""normal""]",650,"https://raw.githubusercontent.com/PokeAPI/sprites/master/sprites/pokemon/264.png"
56,4,263,361,175,"Zigzagoon","[""normal""]",437.5,"https://raw.githubusercontent.com/PokeAPI/sprites/master/sprites/pokemon/263.png"
147,10,262,360,370,"Mightyena","[""dark""]",370,"https://raw.githubusercontent.com/PokeAPI/sprites/master/sprites/pokemon/262.png"
56,3,265,365,36,"Wurmple","[""bug""]",120.00000000000001,"https://raw.githubusercontent.com/PokeAPI/sprites/master/sprites/pokemon/265.png"
178,10,267,367,284,"Beautifly","[""bug"",""flying""]",284,"https://raw.githubusercontent.com/PokeAPI/sprites/master/sprites/pokemon/267.png"
72,6,266,366,100,"Silcoon","[""bug""]",166.66666666666669,"https://raw.githubusercontent.com/PokeAPI/sprites/master/sprites/pokemon/266.png"
72,7,268,368,115,"Cascoon","[""bug""]",164.28571428571428,"https://raw.githubusercontent.com/PokeAPI/sprites/master/sprites/pokemon/268.png"
119,12,271,371,325,"Lombre","[""water"",""grass""]",270.83333333333337,"https://raw.githubusercontent.com/PokeAPI/sprites/master/sprites/pokemon/271.png"
44,5,273,373,40,"Seedot","[""grass""]",80,"https://raw.githubusercontent.com/PokeAPI/sprites/master/sprites/pokemon/273.png"
240,15,272,372,550,"Ludicolo","[""water"",""grass""]",366.6666666666667,"https://raw.githubusercontent.com/PokeAPI/sprites/master/sprites/pokemon/272.png"
173,12,269,369,316,"Dustox","[""bug"",""poison""]",263.33333333333337,"https://raw.githubusercontent.com/PokeAPI/sprites/master/sprites/pokemon/269.png"
44,5,270,370,26,"Lotad","[""water"",""grass""]",52,"https://raw.githubusercontent.com/PokeAPI/sprites/master/sprites/pokemon/270.png"
119,10,274,374,280,"Nuzleaf","[""grass"",""dark""]",280,"https://raw.githubusercontent.com/PokeAPI/sprites/master/sprites/pokemon/274.png"
240,13,275,375,596,"Shiftry","[""grass"",""dark""]",458.46153846153845,"https://raw.githubusercontent.com/PokeAPI/sprites/master/sprites/pokemon/275.png"
54,6,278,378,95,"Wingull","[""water"",""flying""]",158.33333333333334,"https://raw.githubusercontent.com/PokeAPI/sprites/master/sprites/pokemon/278.png"
54,3,276,376,23,"Taillow","[""normal"",""flying""]",76.66666666666667,"https://raw.githubusercontent.com/PokeAPI/sprites/master/sprites/pokemon/276.png"
159,7,277,377,198,"Swellow","[""normal"",""flying""]",282.85714285714283,"https://raw.githubusercontent.com/PokeAPI/sprites/master/sprites/pokemon/277.png"
97,8,281,381,202,"Kirlia","[""psychic"",""fairy""]",252.50000000000003,"https://raw.githubusercontent.com/PokeAPI/sprites/master/sprites/pokemon/281.png"
40,4,280,380,66,"Ralts","[""psychic"",""fairy""]",165,"https://raw.githubusercontent.com/PokeAPI/sprites/master/sprites/pokemon/280.png"
154,12,279,379,280,"Pelipper","[""water"",""flying""]",233.33333333333334,"https://raw.githubusercontent.com/PokeAPI/sprites/master/sprites/pokemon/279.png"
259,16,282,382,484,"Gardevoir","[""psychic"",""fairy""]",302.50000000000006,"https://raw.githubusercontent.com/PokeAPI/sprites/master/sprites/pokemon/282.png"
54,5,283,386,17,"Surskit","[""bug"",""water""]",34,"https://raw.githubusercontent.com/PokeAPI/sprites/master/sprites/pokemon/283.png"
159,8,284,387,36,"Masquerain","[""bug"",""flying""]",45,"https://raw.githubusercontent.com/PokeAPI/sprites/master/sprites/pokemon/284.png"
59,4,285,388,45,"Shroomish","[""grass""]",112.5,"https://raw.githubusercontent.com/PokeAPI/sprites/master/sprites/pokemon/285.png"
161,12,286,389,392,"Breloom","[""grass"",""fighting""]",326.6666666666667,"https://raw.githubusercontent.com/PokeAPI/sprites/master/sprites/pokemon/286.png"
56,8,287,390,240,"Slakoth","[""normal""]",300,"https://raw.githubusercontent.com/PokeAPI/sprites/master/sprites/pokemon/287.png"
154,14,288,391,465,"Vigoroth","[""normal""]",332.1428571428571,"https://raw.githubusercontent.com/PokeAPI/sprites/master/sprites/pokemon/288.png"
252,20,289,392,1305,"Slaking","[""normal""]",652.5,"https://raw.githubusercontent.com/PokeAPI/sprites/master/sprites/pokemon/289.png"
53,5,290,393,55,"Nincada","[""bug"",""ground""]",110,"https://raw.githubusercontent.com/PokeAPI/sprites/master/sprites/pokemon/290.png"
160,8,291,394,120,"Ninjask","[""bug"",""flying""]",150,"https://raw.githubusercontent.com/PokeAPI/sprites/master/sprites/pokemon/291.png"
83,8,292,395,12,"Shedinja","[""bug"",""ghost""]",15.000000000000002,"https://raw.githubusercontent.com/PokeAPI/sprites/master/sprites/pokemon/292.png"
126,10,294,397,405,"Loudred","[""normal""]",405,"https://raw.githubusercontent.com/PokeAPI/sprites/master/sprites/pokemon/294.png"
48,6,293,396,163,"Whismur","[""normal""]",271.6666666666667,"https://raw.githubusercontent.com/PokeAPI/sprites/master/sprites/pokemon/293.png"
245,15,295,398,840,"Exploud","[""normal""]",560,"https://raw.githubusercontent.com/PokeAPI/sprites/master/sprites/pokemon/295.png"
47,10,296,399,864,"Makuhita","[""fighting""]",864,"https://raw.githubusercontent.com/PokeAPI/sprites/master/sprites/pokemon/296.png"
166,23,297,400,2538,"Hariyama","[""fighting""]",1103.4782608695652,"https://raw.githubusercontent.com/PokeAPI/sprites/master/sprites/pokemon/297.png"
38,2,298,277,20,"Azurill","[""normal"",""fairy""]",100,"https://raw.githubusercontent.com/PokeAPI/sprites/master/sprites/pokemon/298.png"
75,10,299,401,970,"Nosepass","[""rock""]",970,"https://raw.githubusercontent.com/PokeAPI/sprites/master/sprites/pokemon/299.png"
52,6,300,403,110,"Skitty","[""normal""]",183.33333333333334,"https://raw.githubusercontent.com/PokeAPI/sprites/master/sprites/pokemon/300.png"
140,11,301,404,326,"Delcatty","[""normal""]",296.3636363636364,"https://raw.githubusercontent.com/PokeAPI/sprites/master/sprites/pokemon/301.png"
133,5,302,405,110,"Sableye","[""dark"",""ghost""]",220,"https://raw.githubusercontent.com/PokeAPI/sprites/master/sprites/pokemon/302.png"
133,6,303,407,115,"Mawile","[""steel"",""fairy""]",191.66666666666669,"https://raw.githubusercontent.com/PokeAPI/sprites/master/sprites/pokemon/303.png"
66,4,304,409,600,"Aron","[""steel"",""rock""]",1500,"https://raw.githubusercontent.com/PokeAPI/sprites/master/sprites/pokemon/304.png"
151,9,305,410,1200,"Lairon","[""steel"",""rock""]",1333.3333333333335,"https://raw.githubusercontent.com/PokeAPI/sprites/master/sprites/pokemon/305.png"
265,21,306,411,3600,"Aggron","[""steel"",""rock""]",1714.2857142857144,"https://raw.githubusercontent.com/PokeAPI/sprites/master/sprites/pokemon/306.png"
56,6,307,413,112,"Meditite","[""fighting"",""psychic""]",186.66666666666669,"https://raw.githubusercontent.com/PokeAPI/sprites/master/sprites/pokemon/307.png"
144,13,308,414,315,"Medicham","[""fighting"",""psychic""]",242.3076923076923,"https://raw.githubusercontent.com/PokeAPI/sprites/master/sprites/pokemon/308.png"
59,6,309,416,152,"Electrike","[""electric""]",253.33333333333337,"https://raw.githubusercontent.com/PokeAPI/sprites/master/sprites/pokemon/309.png"
166,15,310,417,402,"Manectric","[""electric""]",268.00000000000006,"https://raw.githubusercontent.com/PokeAPI/sprites/master/sprites/pokemon/310.png"
142,4,311,419,42,"Plusle","[""electric""]",105,"https://raw.githubusercontent.com/PokeAPI/sprites/master/sprites/pokemon/311.png"
142,4,312,420,42,"Minun","[""electric""]",105,"https://raw.githubusercontent.com/PokeAPI/sprites/master/sprites/pokemon/312.png"
151,6,314,422,177,"Illumise","[""bug""]",295,"https://raw.githubusercontent.com/PokeAPI/sprites/master/sprites/pokemon/314.png"
151,7,313,421,177,"Volbeat","[""bug""]",252.85714285714283,"https://raw.githubusercontent.com/PokeAPI/sprites/master/sprites/pokemon/313.png"
140,3,315,424,20,"Roselia","[""grass"",""poison""]",66.66666666666667,"https://raw.githubusercontent.com/PokeAPI/sprites/master/sprites/pokemon/315.png"
60,4,316,426,103,"Gulpin","[""poison""]",257.5,"https://raw.githubusercontent.com/PokeAPI/sprites/master/sprites/pokemon/316.png"
163,17,317,427,800,"Swalot","[""poison""]",470.5882352941176,"https://raw.githubusercontent.com/PokeAPI/sprites/master/sprites/pokemon/317.png"
61,8,318,428,208,"Carvanha","[""water"",""dark""]",260,"https://raw.githubusercontent.com/PokeAPI/sprites/master/sprites/pokemon/318.png"
161,18,319,429,888,"Sharpedo","[""water"",""dark""]",493.3333333333334,"https://raw.githubusercontent.com/PokeAPI/sprites/master/sprites/pokemon/319.png"
80,20,320,431,1300,"Wailmer","[""water""]",650,"https://raw.githubusercontent.com/PokeAPI/sprites/master/sprites/pokemon/320.png"
175,145,321,432,3980,"Wailord","[""water""]",274.48275862068965,"https://raw.githubusercontent.com/PokeAPI/sprites/master/sprites/pokemon/321.png"
61,7,322,433,240,"Numel","[""fire"",""ground""]",342.85714285714283,"https://raw.githubusercontent.com/PokeAPI/sprites/master/sprites/pokemon/322.png"
161,19,323,434,2200,"Camerupt","[""fire"",""ground""]",1157.8947368421052,"https://raw.githubusercontent.com/PokeAPI/sprites/master/sprites/pokemon/323.png"
165,5,324,436,804,"Torkoal","[""fire""]",1608,"https://raw.githubusercontent.com/PokeAPI/sprites/master/sprites/pokemon/324.png"
66,7,325,437,306,"Spoink","[""psychic""]",437.1428571428571,"https://raw.githubusercontent.com/PokeAPI/sprites/master/sprites/pokemon/325.png"
165,9,326,438,715,"Grumpig","[""psychic""]",794.4444444444445,"https://raw.githubusercontent.com/PokeAPI/sprites/master/sprites/pokemon/326.png"
58,7,328,440,150,"Trapinch","[""ground""]",214.28571428571428,"https://raw.githubusercontent.com/PokeAPI/sprites/master/sprites/pokemon/328.png"
119,11,329,441,153,"Vibrava","[""ground"",""dragon""]",139.0909090909091,"https://raw.githubusercontent.com/PokeAPI/sprites/master/sprites/pokemon/329.png"
67,4,331,443,513,"Cacnea","[""grass""]",1282.5,"https://raw.githubusercontent.com/PokeAPI/sprites/master/sprites/pokemon/331.png"
260,20,330,442,820,"Flygon","[""ground"",""dragon""]",410,"https://raw.githubusercontent.com/PokeAPI/sprites/master/sprites/pokemon/330.png"
126,11,327,439,50,"Spinda","[""normal""]",45.45454545454545,"https://raw.githubusercontent.com/PokeAPI/sprites/master/sprites/pokemon/327.png"
166,13,332,444,774,"Cacturne","[""grass"",""dark""]",595.3846153846154,"https://raw.githubusercontent.com/PokeAPI/sprites/master/sprites/pokemon/332.png"
62,4,333,445,12,"Swablu","[""normal"",""flying""]",30.000000000000004,"https://raw.githubusercontent.com/PokeAPI/sprites/master/sprites/pokemon/333.png"
172,11,334,446,206,"Altaria","[""dragon"",""flying""]",187.27272727272728,"https://raw.githubusercontent.com/PokeAPI/sprites/master/sprites/pokemon/334.png"
160,13,335,448,403,"Zangoose","[""normal""]",310,"https://raw.githubusercontent.com/PokeAPI/sprites/master/sprites/pokemon/335.png"
161,10,337,450,1680,"Lunatone","[""rock"",""psychic""]",1680,"https://raw.githubusercontent.com/PokeAPI/sprites/master/sprites/pokemon/337.png"
58,4,339,452,19,"Barboach","[""water"",""ground""]",47.5,"https://raw.githubusercontent.com/PokeAPI/sprites/master/sprites/pokemon/339.png"
160,27,336,449,525,"Seviper","[""poison""]",194.44444444444443,"https://raw.githubusercontent.com/PokeAPI/sprites/master/sprites/pokemon/336.png"
161,12,338,451,1540,"Solrock","[""rock"",""psychic""]",1283.3333333333335,"https://raw.githubusercontent.com/PokeAPI/sprites/master/sprites/pokemon/338.png"
164,9,340,453,236,"Whiscash","[""water"",""ground""]",262.22222222222223,"https://raw.githubusercontent.com/PokeAPI/sprites/master/sprites/pokemon/340.png"
62,6,341,454,115,"Corphish","[""water""]",191.66666666666669,"https://raw.githubusercontent.com/PokeAPI/sprites/master/sprites/pokemon/341.png"
175,15,344,457,1080,"Claydol","[""ground"",""psychic""]",720,"https://raw.githubusercontent.com/PokeAPI/sprites/master/sprites/pokemon/344.png"
164,11,342,455,328,"Crawdaunt","[""water"",""dark""]",298.18181818181824,"https://raw.githubusercontent.com/PokeAPI/sprites/master/sprites/pokemon/342.png"
60,5,343,456,215,"Baltoy","[""ground"",""psychic""]",430,"https://raw.githubusercontent.com/PokeAPI/sprites/master/sprites/pokemon/343.png"
71,10,345,458,238,"Lileep","[""rock"",""grass""]",238,"https://raw.githubusercontent.com/PokeAPI/sprites/master/sprites/pokemon/345.png"
173,15,346,459,604,"Cradily","[""rock"",""grass""]",402.66666666666674,"https://raw.githubusercontent.com/PokeAPI/sprites/master/sprites/pokemon/346.png"
71,7,347,460,125,"Anorith","[""rock"",""bug""]",178.57142857142856,"https://raw.githubusercontent.com/PokeAPI/sprites/master/sprites/pokemon/347.png"
173,15,348,461,682,"Armaldo","[""rock"",""bug""]",454.6666666666667,"https://raw.githubusercontent.com/PokeAPI/sprites/master/sprites/pokemon/348.png"
189,62,350,463,1620,"Milotic","[""water""]",261.2903225806452,"https://raw.githubusercontent.com/PokeAPI/sprites/master/sprites/pokemon/350.png"
154,10,352,468,220,"Kecleon","[""normal""]",220,"https://raw.githubusercontent.com/PokeAPI/sprites/master/sprites/pokemon/352.png"
40,6,349,462,74,"Feebas","[""water""]",123.33333333333334,"https://raw.githubusercontent.com/PokeAPI/sprites/master/sprites/pokemon/349.png"
147,3,351,464,8,"Castform","[""normal""]",26.666666666666668,"https://raw.githubusercontent.com/PokeAPI/sprites/master/sprites/pokemon/351.png"
59,6,353,469,23,"Shuppet","[""ghost""]",38.333333333333336,"https://raw.githubusercontent.com/PokeAPI/sprites/master/sprites/pokemon/353.png"
159,11,354,470,125,"Banette","[""ghost""]",113.63636363636364,"https://raw.githubusercontent.com/PokeAPI/sprites/master/sprites/pokemon/354.png"
59,8,355,472,150,"Duskull","[""ghost""]",187.5,"https://raw.githubusercontent.com/PokeAPI/sprites/master/sprites/pokemon/355.png"
159,16,356,473,306,"Dusclops","[""ghost""]",191.25,"https://raw.githubusercontent.com/PokeAPI/sprites/master/sprites/pokemon/356.png"
161,20,357,475,1000,"Tropius","[""grass"",""flying""]",500,"https://raw.githubusercontent.com/PokeAPI/sprites/master/sprites/pokemon/357.png"
159,6,358,477,10,"Chimecho","[""psychic""]",16.666666666666668,"https://raw.githubusercontent.com/PokeAPI/sprites/master/sprites/pokemon/358.png"
163,12,359,478,470,"Absol","[""dark""]",391.6666666666667,"https://raw.githubusercontent.com/PokeAPI/sprites/master/sprites/pokemon/359.png"
52,6,360,298,140,"Wynaut","[""psychic""]",233.33333333333334,"https://raw.githubusercontent.com/PokeAPI/sprites/master/sprites/pokemon/360.png"
60,7,361,480,168,"Snorunt","[""ice""]",240,"https://raw.githubusercontent.com/PokeAPI/sprites/master/sprites/pokemon/361.png"
168,15,362,481,2565,"Glalie","[""ice""]",1710,"https://raw.githubusercontent.com/PokeAPI/sprites/master/sprites/pokemon/362.png"
58,8,363,484,395,"Spheal","[""ice"",""water""]",493.75,"https://raw.githubusercontent.com/PokeAPI/sprites/master/sprites/pokemon/363.png"
144,11,364,485,876,"Sealeo","[""ice"",""water""]",796.3636363636365,"https://raw.githubusercontent.com/PokeAPI/sprites/master/sprites/pokemon/364.png"
170,17,367,488,270,"Huntail","[""water""]",158.8235294117647,"https://raw.githubusercontent.com/PokeAPI/sprites/master/sprites/pokemon/367.png"
265,14,365,486,1506,"Walrein","[""ice"",""water""]",1075.7142857142856,"https://raw.githubusercontent.com/PokeAPI/sprites/master/sprites/pokemon/365.png"
69,4,366,487,525,"Clamperl","[""water""]",1312.5,"https://raw.githubusercontent.com/PokeAPI/sprites/master/sprites/pokemon/366.png"
170,18,368,489,226,"Gorebyss","[""water""]",125.55555555555557,"https://raw.githubusercontent.com/PokeAPI/sprites/master/sprites/pokemon/368.png"
116,6,370,491,87,"Luvdisc","[""water""]",145.00000000000003,"https://raw.githubusercontent.com/PokeAPI/sprites/master/sprites/pokemon/370.png"
170,10,369,490,234,"Relicanth","[""water"",""rock""]",234,"https://raw.githubusercontent.com/PokeAPI/sprites/master/sprites/pokemon/369.png"
60,6,371,492,421,"Bagon","[""dragon""]",701.6666666666667,"https://raw.githubusercontent.com/PokeAPI/sprites/master/sprites/pokemon/371.png"
147,11,372,493,1105,"Shelgon","[""dragon""]",1004.5454545454545,"https://raw.githubusercontent.com/PokeAPI/sprites/master/sprites/pokemon/372.png"
300,15,373,494,1026,"Salamence","[""dragon"",""flying""]",684.0000000000001,"https://raw.githubusercontent.com/PokeAPI/sprites/master/sprites/pokemon/373.png"
60,6,374,496,952,"Beldum","[""steel"",""psychic""]",1586.6666666666667,"https://raw.githubusercontent.com/PokeAPI/sprites/master/sprites/pokemon/374.png"
147,12,375,497,2025,"Metang","[""steel"",""psychic""]",1687.5,"https://raw.githubusercontent.com/PokeAPI/sprites/master/sprites/pokemon/375.png"
300,16,376,498,5500,"Metagross","[""steel"",""psychic""]",3437.5,"https://raw.githubusercontent.com/PokeAPI/sprites/master/sprites/pokemon/376.png"
290,17,377,500,2300,"Regirock","[""rock""]",1352.941176470588,"https://raw.githubusercontent.com/PokeAPI/sprites/master/sprites/pokemon/377.png"
290,18,378,501,1750,"Regice","[""ice""]",972.2222222222223,"https://raw.githubusercontent.com/PokeAPI/sprites/master/sprites/pokemon/378.png"
290,19,379,502,2050,"Registeel","[""steel""]",1078.9473684210527,"https://raw.githubusercontent.com/PokeAPI/sprites/master/sprites/pokemon/379.png"
300,14,380,503,400,"Latias","[""dragon"",""psychic""]",285.71428571428567,"https://raw.githubusercontent.com/PokeAPI/sprites/master/sprites/pokemon/380.png"
300,20,381,505,600,"Latios","[""dragon"",""psychic""]",300,"https://raw.githubusercontent.com/PokeAPI/sprites/master/sprites/pokemon/381.png"
335,35,383,509,9500,"Groudon","[""ground""]",2714.285714285714,"https://raw.githubusercontent.com/PokeAPI/sprites/master/sprites/pokemon/383.png"
335,45,382,507,3520,"Kyogre","[""water""]",782.2222222222222,"https://raw.githubusercontent.com/PokeAPI/sprites/master/sprites/pokemon/382.png"
340,70,384,511,2065,"Rayquaza","[""dragon"",""flying""]",295,"https://raw.githubusercontent.com/PokeAPI/sprites/master/sprites/pokemon/384.png"
300,3,385,513,11,"Jirachi","[""steel"",""psychic""]",36.66666666666667,"https://raw.githubusercontent.com/PokeAPI/sprites/master/sprites/pokemon/385.png"
64,4,387,518,102,"Turtwig","[""grass""]",255.00000000000003,"https://raw.githubusercontent.com/PokeAPI/sprites/master/sprites/pokemon/387.png"
270,17,386,514,608,"Deoxys-normal","[""psychic""]",357.6470588235294,"https://raw.githubusercontent.com/PokeAPI/sprites/master/sprites/pokemon/386.png"
142,11,388,519,970,"Grotle","[""grass""]",881.8181818181819,"https://raw.githubusercontent.com/PokeAPI/sprites/master/sprites/pokemon/388.png"
236,22,389,520,3100,"Torterra","[""grass"",""ground""]",1409.090909090909,"https://raw.githubusercontent.com/PokeAPI/sprites/master/sprites/pokemon/389.png"
62,5,390,521,62,"Chimchar","[""fire""]",124,"https://raw.githubusercontent.com/PokeAPI/sprites/master/sprites/pokemon/390.png"
142,9,391,522,220,"Monferno","[""fire"",""fighting""]",244.44444444444446,"https://raw.githubusercontent.com/PokeAPI/sprites/master/sprites/pokemon/391.png"
63,4,393,524,52,"Piplup","[""water""]",130,"https://raw.githubusercontent.com/PokeAPI/sprites/master/sprites/pokemon/393.png"
240,12,392,523,550,"Infernape","[""fire"",""fighting""]",458.33333333333337,"https://raw.githubusercontent.com/PokeAPI/sprites/master/sprites/pokemon/392.png"
239,17,395,526,845,"Empoleon","[""water"",""steel""]",497.0588235294117,"https://raw.githubusercontent.com/PokeAPI/sprites/master/sprites/pokemon/395.png"
142,8,394,525,230,"Prinplup","[""water""]",287.5,"https://raw.githubusercontent.com/PokeAPI/sprites/master/sprites/pokemon/394.png"
119,6,397,528,155,"Staravia","[""normal"",""flying""]",258.33333333333337,"https://raw.githubusercontent.com/PokeAPI/sprites/master/sprites/pokemon/397.png"
49,3,396,527,20,"Starly","[""normal"",""flying""]",66.66666666666667,"https://raw.githubusercontent.com/PokeAPI/sprites/master/sprites/pokemon/396.png"
50,5,399,530,200,"Bidoof","[""normal""]",400,"https://raw.githubusercontent.com/PokeAPI/sprites/master/sprites/pokemon/399.png"
218,12,398,529,249,"Staraptor","[""normal"",""flying""]",207.50000000000003,"https://raw.githubusercontent.com/PokeAPI/sprites/master/sprites/pokemon/398.png"
144,10,400,531,315,"Bibarel","[""normal"",""water""]",315,"https://raw.githubusercontent.com/PokeAPI/sprites/master/sprites/pokemon/400.png"
134,10,402,533,255,"Kricketune","[""bug""]",255,"https://raw.githubusercontent.com/PokeAPI/sprites/master/sprites/pokemon/402.png"
39,3,401,532,22,"Kricketot","[""bug""]",73.33333333333334,"https://raw.githubusercontent.com/PokeAPI/sprites/master/sprites/pokemon/401.png"
53,5,403,534,95,"Shinx","[""electric""]",190,"https://raw.githubusercontent.com/PokeAPI/sprites/master/sprites/pokemon/403.png"
127,9,404,535,305,"Luxio","[""electric""]",338.8888888888889,"https://raw.githubusercontent.com/PokeAPI/sprites/master/sprites/pokemon/404.png"
262,14,405,536,420,"Luxray","[""electric""]",299.99999999999994,"https://raw.githubusercontent.com/PokeAPI/sprites/master/sprites/pokemon/405.png"
56,2,406,423,12,"Budew","[""grass"",""poison""]",60.00000000000001,"https://raw.githubusercontent.com/PokeAPI/sprites/master/sprites/pokemon/406.png"
258,9,407,425,145,"Roserade","[""grass"",""poison""]",161.11111111111111,"https://raw.githubusercontent.com/PokeAPI/sprites/master/sprites/pokemon/407.png"
70,9,408,537,315,"Cranidos","[""rock""]",350,"https://raw.githubusercontent.com/PokeAPI/sprites/master/sprites/pokemon/408.png"
173,13,411,540,1495,"Bastiodon","[""rock"",""steel""]",1150,"https://raw.githubusercontent.com/PokeAPI/sprites/master/sprites/pokemon/411.png"
45,2,412,541,34,"Burmy","[""bug""]",170.00000000000003,"https://raw.githubusercontent.com/PokeAPI/sprites/master/sprites/pokemon/412.png"
148,9,414,545,233,"Mothim","[""bug"",""flying""]",258.8888888888889,"https://raw.githubusercontent.com/PokeAPI/sprites/master/sprites/pokemon/414.png"
49,3,415,546,55,"Combee","[""bug"",""flying""]",183.33333333333334,"https://raw.githubusercontent.com/PokeAPI/sprites/master/sprites/pokemon/415.png"
173,16,409,538,1025,"Rampardos","[""rock""]",640.625,"https://raw.githubusercontent.com/PokeAPI/sprites/master/sprites/pokemon/409.png"
70,5,410,539,570,"Shieldon","[""rock"",""steel""]",1140,"https://raw.githubusercontent.com/PokeAPI/sprites/master/sprites/pokemon/410.png"
148,5,413,542,65,"Wormadam-plant","[""bug"",""grass""]",130,"https://raw.githubusercontent.com/PokeAPI/sprites/master/sprites/pokemon/413.png"
166,12,416,547,385,"Vespiquen","[""bug"",""flying""]",320.83333333333337,"https://raw.githubusercontent.com/PokeAPI/sprites/master/sprites/pokemon/416.png"
142,4,417,548,39,"Pachirisu","[""electric""]",97.5,"https://raw.githubusercontent.com/PokeAPI/sprites/master/sprites/pokemon/417.png"
66,7,418,549,295,"Buizel","[""water""]",421.4285714285714,"https://raw.githubusercontent.com/PokeAPI/sprites/master/sprites/pokemon/418.png"
173,11,419,550,335,"Floatzel","[""water""]",304.54545454545456,"https://raw.githubusercontent.com/PokeAPI/sprites/master/sprites/pokemon/419.png"
55,4,420,551,33,"Cherubi","[""grass""]",82.5,"https://raw.githubusercontent.com/PokeAPI/sprites/master/sprites/pokemon/420.png"
158,5,421,552,93,"Cherrim","[""grass""]",186,"https://raw.githubusercontent.com/PokeAPI/sprites/master/sprites/pokemon/421.png"
65,3,422,553,63,"Shellos","[""water""]",210.00000000000003,"https://raw.githubusercontent.com/PokeAPI/sprites/master/sprites/pokemon/422.png"
166,9,423,554,299,"Gastrodon","[""water"",""ground""]",332.2222222222223,"https://raw.githubusercontent.com/PokeAPI/sprites/master/sprites/pokemon/423.png"
169,12,424,286,203,"Ambipom","[""normal""]",169.16666666666669,"https://raw.githubusercontent.com/PokeAPI/sprites/master/sprites/pokemon/424.png"
70,4,425,555,12,"Drifloon","[""ghost"",""flying""]",30.000000000000004,"https://raw.githubusercontent.com/PokeAPI/sprites/master/sprites/pokemon/425.png"
174,12,426,556,150,"Drifblim","[""ghost"",""flying""]",125,"https://raw.githubusercontent.com/PokeAPI/sprites/master/sprites/pokemon/426.png"
168,12,428,558,333,"Lopunny","[""normal""]",277.50000000000006,"https://raw.githubusercontent.com/PokeAPI/sprites/master/sprites/pokemon/428.png"
70,4,427,557,55,"Buneary","[""normal""]",137.5,"https://raw.githubusercontent.com/PokeAPI/sprites/master/sprites/pokemon/427.png"
173,9,429,296,44,"Mismagius","[""ghost""]",48.88888888888889,"https://raw.githubusercontent.com/PokeAPI/sprites/master/sprites/pokemon/429.png"
177,9,430,294,273,"Honchkrow","[""dark"",""flying""]",303.33333333333337,"https://raw.githubusercontent.com/PokeAPI/sprites/master/sprites/pokemon/430.png"
62,5,431,560,39,"Glameow","[""normal""]",78,"https://raw.githubusercontent.com/PokeAPI/sprites/master/sprites/pokemon/431.png"
57,2,433,476,6,"Chingling","[""psychic""]",30.000000000000004,"https://raw.githubusercontent.com/PokeAPI/sprites/master/sprites/pokemon/433.png"
158,10,432,561,438,"Purugly","[""normal""]",438,"https://raw.githubusercontent.com/PokeAPI/sprites/master/sprites/pokemon/432.png"
66,4,434,562,192,"Stunky","[""poison"",""dark""]",480.00000000000006,"https://raw.githubusercontent.com/PokeAPI/sprites/master/sprites/pokemon/434.png"
168,10,435,563,380,"Skuntank","[""poison"",""dark""]",380,"https://raw.githubusercontent.com/PokeAPI/sprites/master/sprites/pokemon/435.png"
60,5,436,564,605,"Bronzor","[""steel"",""psychic""]",1210,"https://raw.githubusercontent.com/PokeAPI/sprites/master/sprites/pokemon/436.png"
175,13,437,565,1870,"Bronzong","[""steel"",""psychic""]",1438.4615384615383,"https://raw.githubusercontent.com/PokeAPI/sprites/master/sprites/pokemon/437.png"
58,5,438,280,150,"Bonsly","[""rock""]",300,"https://raw.githubusercontent.com/PokeAPI/sprites/master/sprites/pokemon/438.png"
62,6,439,193,130,"Mime-jr","[""psychic"",""fairy""]",216.66666666666669,"https://raw.githubusercontent.com/PokeAPI/sprites/master/sprites/pokemon/439.png"
110,6,440,179,244,"Happiny","[""normal""]",406.66666666666674,"https://raw.githubusercontent.com/PokeAPI/sprites/master/sprites/pokemon/440.png"
170,10,442,567,1080,"Spiritomb","[""ghost"",""dark""]",1080,"https://raw.githubusercontent.com/PokeAPI/sprites/master/sprites/pokemon/442.png"
144,5,441,566,19,"Chatot","[""normal"",""flying""]",38,"https://raw.githubusercontent.com/PokeAPI/sprites/master/sprites/pokemon/441.png"
60,7,443,568,205,"Gible","[""dragon"",""ground""]",292.85714285714283,"https://raw.githubusercontent.com/PokeAPI/sprites/master/sprites/pokemon/443.png"
144,14,444,569,560,"Gabite","[""dragon"",""ground""]",399.99999999999994,"https://raw.githubusercontent.com/PokeAPI/sprites/master/sprites/pokemon/444.png"
300,19,445,570,950,"Garchomp","[""dragon"",""ground""]",500,"https://raw.githubusercontent.com/PokeAPI/sprites/master/sprites/pokemon/445.png"
78,6,446,234,1050,"Munchlax","[""normal""]",1750,"https://raw.githubusercontent.com/PokeAPI/sprites/master/sprites/pokemon/446.png"
57,7,447,572,202,"Riolu","[""fighting""]",288.5714285714286,"https://raw.githubusercontent.com/PokeAPI/sprites/master/sprites/pokemon/447.png"
66,8,449,575,495,"Hippopotas","[""ground""]",618.75,"https://raw.githubusercontent.com/PokeAPI/sprites/master/sprites/pokemon/449.png"
175,13,452,578,615,"Drapion","[""poison"",""dark""]",473.07692307692304,"https://raw.githubusercontent.com/PokeAPI/sprites/master/sprites/pokemon/452.png"
60,7,453,579,230,"Croagunk","[""poison"",""fighting""]",328.57142857142856,"https://raw.githubusercontent.com/PokeAPI/sprites/master/sprites/pokemon/453.png"
184,20,450,576,3000,"Hippowdon","[""ground""]",1500,"https://raw.githubusercontent.com/PokeAPI/sprites/master/sprites/pokemon/450.png"
184,12,448,573,540,"Lucario","[""fighting"",""steel""]",450,"https://raw.githubusercontent.com/PokeAPI/sprites/master/sprites/pokemon/448.png"
66,8,451,577,120,"Skorupi","[""poison"",""bug""]",150,"https://raw.githubusercontent.com/PokeAPI/sprites/master/sprites/pokemon/451.png"
172,13,454,580,444,"Toxicroak","[""poison"",""fighting""]",341.53846153846155,"https://raw.githubusercontent.com/PokeAPI/sprites/master/sprites/pokemon/454.png"
159,14,455,581,270,"Carnivine","[""grass""]",192.85714285714283,"https://raw.githubusercontent.com/PokeAPI/sprites/master/sprites/pokemon/455.png"
66,4,456,582,70,"Finneon","[""water""]",175,"https://raw.githubusercontent.com/PokeAPI/sprites/master/sprites/pokemon/456.png"
161,12,457,583,240,"Lumineon","[""water""]",200,"https://raw.githubusercontent.com/PokeAPI/sprites/master/sprites/pokemon/457.png"
69,10,458,326,650,"Mantyke","[""water"",""flying""]",650,"https://raw.githubusercontent.com/PokeAPI/sprites/master/sprites/pokemon/458.png"
268,12,462,134,1800,"Magnezone","[""electric"",""steel""]",1500,"https://raw.githubusercontent.com/PokeAPI/sprites/master/sprites/pokemon/462.png"
67,10,459,584,505,"Snover","[""grass"",""ice""]",505,"https://raw.githubusercontent.com/PokeAPI/sprites/master/sprites/pokemon/459.png"
180,17,463,172,1400,"Lickilicky","[""normal""]",823.5294117647059,"https://raw.githubusercontent.com/PokeAPI/sprites/master/sprites/pokemon/463.png"
179,11,461,313,340,"Weavile","[""dark"",""ice""]",309.09090909090907,"https://raw.githubusercontent.com/PokeAPI/sprites/master/sprites/pokemon/461.png"
173,22,460,585,1355,"Abomasnow","[""grass"",""ice""]",615.9090909090909,"https://raw.githubusercontent.com/PokeAPI/sprites/master/sprites/pokemon/460.png"
268,24,464,178,2828,"Rhyperior","[""ground"",""rock""]",1178.3333333333335,"https://raw.githubusercontent.com/PokeAPI/sprites/master/sprites/pokemon/464.png"
270,18,466,203,1386,"Electivire","[""electric""]",770,"https://raw.githubusercontent.com/PokeAPI/sprites/master/sprites/pokemon/466.png"
187,20,465,183,1286,"Tangrowth","[""grass""]",642.9999999999999,"https://raw.githubusercontent.com/PokeAPI/sprites/master/sprites/pokemon/465.png"
179,20,472,305,425,"Gliscor","[""ground"",""flying""]",212.5,"https://raw.githubusercontent.com/PokeAPI/sprites/master/sprites/pokemon/472.png"
184,10,470,222,255,"Leafeon","[""grass""]",255,"https://raw.githubusercontent.com/PokeAPI/sprites/master/sprites/pokemon/470.png"
270,16,467,206,680,"Magmortar","[""fire""]",425,"https://raw.githubusercontent.com/PokeAPI/sprites/master/sprites/pokemon/467.png"
273,15,468,270,380,"Togekiss","[""fairy"",""flying""]",253.33333333333334,"https://raw.githubusercontent.com/PokeAPI/sprites/master/sprites/pokemon/468.png"
180,19,469,290,515,"Yanmega","[""bug"",""flying""]",271.05263157894734,"https://raw.githubusercontent.com/PokeAPI/sprites/master/sprites/pokemon/469.png"
184,8,471,223,259,"Glaceon","[""ice""]",323.75,"https://raw.githubusercontent.com/PokeAPI/sprites/master/sprites/pokemon/471.png"
184,14,476,402,3400,"Probopass","[""rock"",""steel""]",2428.5714285714284,"https://raw.githubusercontent.com/PokeAPI/sprites/master/sprites/pokemon/476.png"
268,9,474,227,340,"Porygon-z","[""normal""]",377.77777777777777,"https://raw.githubusercontent.com/PokeAPI/sprites/master/sprites/pokemon/474.png"
263,22,477,474,1066,"Dusknoir","[""ghost""]",484.54545454545456,"https://raw.githubusercontent.com/PokeAPI/sprites/master/sprites/pokemon/477.png"
154,3,479,587,3,"Rotom","[""electric"",""ghost""]",10.000000000000002,"https://raw.githubusercontent.com/PokeAPI/sprites/master/sprites/pokemon/479.png"
168,13,478,483,266,"Froslass","[""ice"",""ghost""]",204.6153846153846,"https://raw.githubusercontent.com/PokeAPI/sprites/master/sprites/pokemon/478.png"
265,25,473,320,2910,"Mamoswine","[""ice"",""ground""]",1164,"https://raw.githubusercontent.com/PokeAPI/sprites/master/sprites/pokemon/473.png"
259,16,475,384,520,"Gallade","[""psychic"",""fighting""]",325,"https://raw.githubusercontent.com/PokeAPI/sprites/master/sprites/pokemon/475.png"
290,3,480,593,3,"Uxie","[""psychic""]",10.000000000000002,"https://raw.githubusercontent.com/PokeAPI/sprites/master/sprites/pokemon/480.png"
290,3,481,594,3,"Mesprit","[""psychic""]",10.000000000000002,"https://raw.githubusercontent.com/PokeAPI/sprites/master/sprites/pokemon/481.png"
290,3,482,595,3,"Azelf","[""psychic""]",10.000000000000002,"https://raw.githubusercontent.com/PokeAPI/sprites/master/sprites/pokemon/482.png"
340,54,483,596,6830,"Dialga","[""steel"",""dragon""]",1264.8148148148148,"https://raw.githubusercontent.com/PokeAPI/sprites/master/sprites/pokemon/483.png"
300,17,485,598,4300,"Heatran","[""fire"",""steel""]",2529.411764705882,"https://raw.githubusercontent.com/PokeAPI/sprites/master/sprites/pokemon/485.png"
340,42,484,597,3360,"Palkia","[""water"",""dragon""]",800,"https://raw.githubusercontent.com/PokeAPI/sprites/master/sprites/pokemon/484.png"
335,37,486,599,4200,"Regigigas","[""normal""]",1135.1351351351352,"https://raw.githubusercontent.com/PokeAPI/sprites/master/sprites/pokemon/486.png"
340,45,487,600,7500,"Giratina-altered","[""ghost"",""dragon""]",1666.6666666666665,"https://raw.githubusercontent.com/PokeAPI/sprites/master/sprites/pokemon/487.png"
216,4,489,603,31,"Phione","[""water""]",77.5,"https://raw.githubusercontent.com/PokeAPI/sprites/master/sprites/pokemon/489.png"
300,15,488,602,856,"Cresselia","[""psychic""]",570.6666666666667,"https://raw.githubusercontent.com/PokeAPI/sprites/master/sprites/pokemon/488.png"
270,15,491,605,505,"Darkrai","[""dark""]",336.6666666666667,"https://raw.githubusercontent.com/PokeAPI/sprites/master/sprites/pokemon/491.png"
270,3,490,604,14,"Manaphy","[""water""]",46.66666666666667,"https://raw.githubusercontent.com/PokeAPI/sprites/master/sprites/pokemon/490.png"
270,2,492,606,21,"Shaymin-land","[""grass""]",105,"https://raw.githubusercontent.com/PokeAPI/sprites/master/sprites/pokemon/492.png"
324,32,493,608,3200,"Arceus","[""normal""]",1000,"https://raw.githubusercontent.com/PokeAPI/sprites/master/sprites/pokemon/493.png"
300,4,494,609,40,"Victini","[""psychic"",""fire""]",100,"https://raw.githubusercontent.com/PokeAPI/sprites/master/sprites/pokemon/494.png"
62,6,495,610,81,"Snivy","[""grass""]",135,"https://raw.githubusercontent.com/PokeAPI/sprites/master/sprites/pokemon/495.png"
238,33,497,612,630,"Serperior","[""grass""]",190.9090909090909,"https://raw.githubusercontent.com/PokeAPI/sprites/master/sprites/pokemon/497.png"
145,8,496,611,160,"Servine","[""grass""]",200,"https://raw.githubusercontent.com/PokeAPI/sprites/master/sprites/pokemon/496.png"
62,5,498,613,99,"Tepig","[""fire""]",198,"https://raw.githubusercontent.com/PokeAPI/sprites/master/sprites/pokemon/498.png"
146,10,499,614,555,"Pignite","[""fire"",""fighting""]",555,"https://raw.githubusercontent.com/PokeAPI/sprites/master/sprites/pokemon/499.png"
238,16,500,615,1500,"Emboar","[""fire"",""fighting""]",937.5,"https://raw.githubusercontent.com/PokeAPI/sprites/master/sprites/pokemon/500.png"
62,5,501,616,59,"Oshawott","[""water""]",118,"https://raw.githubusercontent.com/PokeAPI/sprites/master/sprites/pokemon/501.png"
145,8,502,617,245,"Dewott","[""water""]",306.25,"https://raw.githubusercontent.com/PokeAPI/sprites/master/sprites/pokemon/502.png"
238,15,503,618,946,"Samurott","[""water""]",630.6666666666667,"https://raw.githubusercontent.com/PokeAPI/sprites/master/sprites/pokemon/503.png"
51,5,504,619,116,"Patrat","[""normal""]",232.00000000000003,"https://raw.githubusercontent.com/PokeAPI/sprites/master/sprites/pokemon/504.png"
147,11,505,620,270,"Watchog","[""normal""]",245.45454545454547,"https://raw.githubusercontent.com/PokeAPI/sprites/master/sprites/pokemon/505.png"
55,4,506,621,41,"Lillipup","[""normal""]",102.50000000000001,"https://raw.githubusercontent.com/PokeAPI/sprites/master/sprites/pokemon/506.png"
130,9,507,622,147,"Herdier","[""normal""]",163.33333333333334,"https://raw.githubusercontent.com/PokeAPI/sprites/master/sprites/pokemon/507.png"
250,12,508,623,610,"Stoutland","[""normal""]",508.33333333333337,"https://raw.githubusercontent.com/PokeAPI/sprites/master/sprites/pokemon/508.png"
56,4,509,624,101,"Purrloin","[""dark""]",252.50000000000003,"https://raw.githubusercontent.com/PokeAPI/sprites/master/sprites/pokemon/509.png"
156,11,510,625,375,"Liepard","[""dark""]",340.90909090909093,"https://raw.githubusercontent.com/PokeAPI/sprites/master/sprites/pokemon/510.png"
63,6,511,626,105,"Pansage","[""grass""]",175,"https://raw.githubusercontent.com/PokeAPI/sprites/master/sprites/pokemon/511.png"
174,11,512,627,305,"Simisage","[""grass""]",277.27272727272725,"https://raw.githubusercontent.com/PokeAPI/sprites/master/sprites/pokemon/512.png"
174,10,514,629,280,"Simisear","[""fire""]",280,"https://raw.githubusercontent.com/PokeAPI/sprites/master/sprites/pokemon/514.png"
63,6,513,628,110,"Pansear","[""fire""]",183.33333333333334,"https://raw.githubusercontent.com/PokeAPI/sprites/master/sprites/pokemon/513.png"
63,6,515,630,135,"Panpour","[""water""]",225,"https://raw.githubusercontent.com/PokeAPI/sprites/master/sprites/pokemon/515.png"
174,10,516,631,290,"Simipour","[""water""]",290,"https://raw.githubusercontent.com/PokeAPI/sprites/master/sprites/pokemon/516.png"
58,6,517,632,233,"Munna","[""psychic""]",388.33333333333337,"https://raw.githubusercontent.com/PokeAPI/sprites/master/sprites/pokemon/517.png"
170,11,518,633,605,"Musharna","[""psychic""]",550,"https://raw.githubusercontent.com/PokeAPI/sprites/master/sprites/pokemon/518.png"
59,8,522,637,298,"Blitzle","[""electric""]",372.5,"https://raw.githubusercontent.com/PokeAPI/sprites/master/sprites/pokemon/522.png"
174,16,523,638,795,"Zebstrika","[""electric""]",496.875,"https://raw.githubusercontent.com/PokeAPI/sprites/master/sprites/pokemon/523.png"
125,6,520,635,150,"Tranquill","[""normal"",""flying""]",250,"https://raw.githubusercontent.com/PokeAPI/sprites/master/sprites/pokemon/520.png"
244,12,521,636,290,"Unfezant","[""normal"",""flying""]",241.66666666666669,"https://raw.githubusercontent.com/PokeAPI/sprites/master/sprites/pokemon/521.png"
53,3,519,634,21,"Pidove","[""normal"",""flying""]",70,"https://raw.githubusercontent.com/PokeAPI/sprites/master/sprites/pokemon/519.png"
56,4,524,639,180,"Roggenrola","[""rock""]",450,"https://raw.githubusercontent.com/PokeAPI/sprites/master/sprites/pokemon/524.png"
137,9,525,640,1020,"Boldore","[""rock""]",1133.3333333333335,"https://raw.githubusercontent.com/PokeAPI/sprites/master/sprites/pokemon/525.png"
258,17,526,641,2600,"Gigalith","[""rock""]",1529.4117647058822,"https://raw.githubusercontent.com/PokeAPI/sprites/master/sprites/pokemon/526.png"
65,4,527,642,21,"Woobat","[""psychic"",""flying""]",52.5,"https://raw.githubusercontent.com/PokeAPI/sprites/master/sprites/pokemon/527.png"
149,9,528,643,105,"Swoobat","[""psychic"",""flying""]",116.66666666666667,"https://raw.githubusercontent.com/PokeAPI/sprites/master/sprites/pokemon/528.png"
66,3,529,644,85,"Drilbur","[""ground""]",283.33333333333337,"https://raw.githubusercontent.com/PokeAPI/sprites/master/sprites/pokemon/529.png"
178,7,530,645,404,"Excadrill","[""ground"",""steel""]",577.1428571428572,"https://raw.githubusercontent.com/PokeAPI/sprites/master/sprites/pokemon/530.png"
390,11,531,646,310,"Audino","[""normal""]",281.8181818181818,"https://raw.githubusercontent.com/PokeAPI/sprites/master/sprites/pokemon/531.png"
61,6,532,648,125,"Timburr","[""fighting""]",208.33333333333334,"https://raw.githubusercontent.com/PokeAPI/sprites/master/sprites/pokemon/532.png"
253,14,534,650,870,"Conkeldurr","[""fighting""]",621.4285714285713,"https://raw.githubusercontent.com/PokeAPI/sprites/master/sprites/pokemon/534.png"
142,12,533,649,400,"Gurdurr","[""fighting""]",333.33333333333337,"https://raw.githubusercontent.com/PokeAPI/sprites/master/sprites/pokemon/533.png"
59,5,535,651,45,"Tympole","[""water""]",90,"https://raw.githubusercontent.com/PokeAPI/sprites/master/sprites/pokemon/535.png"
134,8,536,652,170,"Palpitoad","[""water"",""ground""]",212.5,"https://raw.githubusercontent.com/PokeAPI/sprites/master/sprites/pokemon/536.png"
255,15,537,653,620,"Seismitoad","[""water"",""ground""]",413.33333333333337,"https://raw.githubusercontent.com/PokeAPI/sprites/master/sprites/pokemon/537.png"
163,13,538,654,555,"Throh","[""fighting""]",426.9230769230769,"https://raw.githubusercontent.com/PokeAPI/sprites/master/sprites/pokemon/538.png"
163,14,539,655,510,"Sawk","[""fighting""]",364.2857142857143,"https://raw.githubusercontent.com/PokeAPI/sprites/master/sprites/pokemon/539.png"
62,3,540,656,25,"Sewaddle","[""bug"",""grass""]",83.33333333333334,"https://raw.githubusercontent.com/PokeAPI/sprites/master/sprites/pokemon/540.png"
133,5,541,657,73,"Swadloon","[""bug"",""grass""]",146,"https://raw.githubusercontent.com/PokeAPI/sprites/master/sprites/pokemon/541.png"
126,12,544,660,585,"Whirlipede","[""bug"",""poison""]",487.5,"https://raw.githubusercontent.com/PokeAPI/sprites/master/sprites/pokemon/544.png"
225,12,542,658,205,"Leavanny","[""bug"",""grass""]",170.83333333333334,"https://raw.githubusercontent.com/PokeAPI/sprites/master/sprites/pokemon/542.png"
52,4,543,659,53,"Venipede","[""bug"",""poison""]",132.50000000000003,"https://raw.githubusercontent.com/PokeAPI/sprites/master/sprites/pokemon/543.png"
243,25,545,661,2005,"Scolipede","[""bug"",""poison""]",802,"https://raw.githubusercontent.com/PokeAPI/sprites/master/sprites/pokemon/545.png"
56,3,546,662,6,"Cottonee","[""grass"",""fairy""]",20.000000000000004,"https://raw.githubusercontent.com/PokeAPI/sprites/master/sprites/pokemon/546.png"
168,7,547,663,66,"Whimsicott","[""grass"",""fairy""]",94.28571428571428,"https://raw.githubusercontent.com/PokeAPI/sprites/master/sprites/pokemon/547.png"
56,5,548,664,66,"Petilil","[""grass""]",132,"https://raw.githubusercontent.com/PokeAPI/sprites/master/sprites/pokemon/548.png"
168,11,549,665,163,"Lilligant","[""grass""]",148.1818181818182,"https://raw.githubusercontent.com/PokeAPI/sprites/master/sprites/pokemon/549.png"
161,10,550,666,180,"Basculin-red-striped","[""water""]",180,"https://raw.githubusercontent.com/PokeAPI/sprites/master/sprites/pokemon/550.png"
58,7,551,668,152,"Sandile","[""ground"",""dark""]",217.14285714285714,"https://raw.githubusercontent.com/PokeAPI/sprites/master/sprites/pokemon/551.png"
123,10,552,669,334,"Krokorok","[""ground"",""dark""]",333.99999999999994,"https://raw.githubusercontent.com/PokeAPI/sprites/master/sprites/pokemon/552.png"
168,13,555,673,929,"Darmanitan-standard","[""fire""]",714.6153846153846,"https://raw.githubusercontent.com/PokeAPI/sprites/master/sprites/pokemon/555.png"
260,15,553,670,963,"Krookodile","[""ground"",""dark""]",642.0000000000001,"https://raw.githubusercontent.com/PokeAPI/sprites/master/sprites/pokemon/553.png"
63,6,554,671,375,"Darumaka","[""fire""]",625,"https://raw.githubusercontent.com/PokeAPI/sprites/master/sprites/pokemon/554.png"
161,10,556,677,280,"Maractus","[""grass""]",280,"https://raw.githubusercontent.com/PokeAPI/sprites/master/sprites/pokemon/556.png"
65,3,557,678,145,"Dwebble","[""bug"",""rock""]",483.33333333333337,"https://raw.githubusercontent.com/PokeAPI/sprites/master/sprites/pokemon/557.png"
170,14,558,679,2000,"Crustle","[""bug"",""rock""]",1428.5714285714284,"https://raw.githubusercontent.com/PokeAPI/sprites/master/sprites/pokemon/558.png"
171,11,560,681,300,"Scrafty","[""dark"",""fighting""]",272.72727272727275,"https://raw.githubusercontent.com/PokeAPI/sprites/master/sprites/pokemon/560.png"
70,6,559,680,118,"Scraggy","[""dark"",""fighting""]",196.66666666666669,"https://raw.githubusercontent.com/PokeAPI/sprites/master/sprites/pokemon/559.png"
172,14,561,682,140,"Sigilyph","[""psychic"",""flying""]",99.99999999999999,"https://raw.githubusercontent.com/PokeAPI/sprites/master/sprites/pokemon/561.png"
61,5,562,683,15,"Yamask","[""ghost""]",30,"https://raw.githubusercontent.com/PokeAPI/sprites/master/sprites/pokemon/562.png"
71,5,566,688,95,"Archen","[""rock"",""flying""]",190,"https://raw.githubusercontent.com/PokeAPI/sprites/master/sprites/pokemon/566.png"
177,14,567,689,320,"Archeops","[""rock"",""flying""]",228.57142857142856,"https://raw.githubusercontent.com/PokeAPI/sprites/master/sprites/pokemon/567.png"
66,6,568,690,310,"Trubbish","[""poison""]",516.6666666666667,"https://raw.githubusercontent.com/PokeAPI/sprites/master/sprites/pokemon/568.png"
169,17,563,685,765,"Cofagrigus","[""ghost""]",449.99999999999994,"https://raw.githubusercontent.com/PokeAPI/sprites/master/sprites/pokemon/563.png"
71,7,564,686,165,"Tirtouga","[""water"",""rock""]",235.7142857142857,"https://raw.githubusercontent.com/PokeAPI/sprites/master/sprites/pokemon/564.png"
173,12,565,687,810,"Carracosta","[""water"",""rock""]",675,"https://raw.githubusercontent.com/PokeAPI/sprites/master/sprites/pokemon/565.png"
166,19,569,691,1073,"Garbodor","[""poison""]",564.7368421052632,"https://raw.githubusercontent.com/PokeAPI/sprites/master/sprites/pokemon/569.png"
66,7,570,692,125,"Zorua","[""dark""]",178.57142857142856,"https://raw.githubusercontent.com/PokeAPI/sprites/master/sprites/pokemon/570.png"
165,5,573,695,75,"Cinccino","[""normal""]",150,"https://raw.githubusercontent.com/PokeAPI/sprites/master/sprites/pokemon/573.png"
179,16,571,693,811,"Zoroark","[""dark""]",506.87500000000006,"https://raw.githubusercontent.com/PokeAPI/sprites/master/sprites/pokemon/571.png"
60,4,572,694,58,"Minccino","[""normal""]",145.00000000000003,"https://raw.githubusercontent.com/PokeAPI/sprites/master/sprites/pokemon/572.png"
58,4,574,696,58,"Gothita","[""psychic""]",145.00000000000003,"https://raw.githubusercontent.com/PokeAPI/sprites/master/sprites/pokemon/574.png"
137,7,575,697,180,"Gothorita","[""psychic""]",257.1428571428571,"https://raw.githubusercontent.com/PokeAPI/sprites/master/sprites/pokemon/575.png"
245,15,576,698,440,"Gothitelle","[""psychic""]",293.33333333333337,"https://raw.githubusercontent.com/PokeAPI/sprites/master/sprites/pokemon/576.png"
58,3,577,699,10,"Solosis","[""psychic""]",33.333333333333336,"https://raw.githubusercontent.com/PokeAPI/sprites/master/sprites/pokemon/577.png"
130,6,578,700,80,"Duosion","[""psychic""]",133.33333333333334,"https://raw.githubusercontent.com/PokeAPI/sprites/master/sprites/pokemon/578.png"
245,10,579,701,201,"Reuniclus","[""psychic""]",201,"https://raw.githubusercontent.com/PokeAPI/sprites/master/sprites/pokemon/579.png"
166,13,581,703,242,"Swanna","[""water"",""flying""]",186.15384615384616,"https://raw.githubusercontent.com/PokeAPI/sprites/master/sprites/pokemon/581.png"
61,5,580,702,55,"Ducklett","[""water"",""flying""]",110,"https://raw.githubusercontent.com/PokeAPI/sprites/master/sprites/pokemon/580.png"
61,4,582,704,57,"Vanillite","[""ice""]",142.5,"https://raw.githubusercontent.com/PokeAPI/sprites/master/sprites/pokemon/582.png"
138,11,583,705,410,"Vanillish","[""ice""]",372.72727272727275,"https://raw.githubusercontent.com/PokeAPI/sprites/master/sprites/pokemon/583.png"
268,13,584,706,575,"Vanilluxe","[""ice""]",442.3076923076923,"https://raw.githubusercontent.com/PokeAPI/sprites/master/sprites/pokemon/584.png"
166,19,586,708,925,"Sawsbuck","[""normal"",""grass""]",486.84210526315786,"https://raw.githubusercontent.com/PokeAPI/sprites/master/sprites/pokemon/586.png"
150,4,587,709,50,"Emolga","[""electric"",""flying""]",125,"https://raw.githubusercontent.com/PokeAPI/sprites/master/sprites/pokemon/587.png"
67,6,585,707,195,"Deerling","[""normal"",""grass""]",325,"https://raw.githubusercontent.com/PokeAPI/sprites/master/sprites/pokemon/585.png"
63,5,588,710,59,"Karrablast","[""bug""]",118,"https://raw.githubusercontent.com/PokeAPI/sprites/master/sprites/pokemon/588.png"
173,10,589,711,330,"Escavalier","[""bug"",""steel""]",330,"https://raw.githubusercontent.com/PokeAPI/sprites/master/sprites/pokemon/589.png"
59,2,590,712,10,"Foongus","[""grass"",""poison""]",50,"https://raw.githubusercontent.com/PokeAPI/sprites/master/sprites/pokemon/590.png"
67,12,592,714,330,"Frillish","[""water"",""ghost""]",275,"https://raw.githubusercontent.com/PokeAPI/sprites/master/sprites/pokemon/592.png"
162,6,591,713,105,"Amoonguss","[""grass"",""poison""]",175,"https://raw.githubusercontent.com/PokeAPI/sprites/master/sprites/pokemon/591.png"
168,22,593,715,1350,"Jellicent","[""water"",""ghost""]",613.6363636363636,"https://raw.githubusercontent.com/PokeAPI/sprites/master/sprites/pokemon/593.png"
165,12,594,716,316,"Alomomola","[""water""]",263.33333333333337,"https://raw.githubusercontent.com/PokeAPI/sprites/master/sprites/pokemon/594.png"
64,1,595,717,6,"Joltik","[""bug"",""electric""]",60.00000000000001,"https://raw.githubusercontent.com/PokeAPI/sprites/master/sprites/pokemon/595.png"
171,10,598,720,1100,"Ferrothorn","[""grass"",""steel""]",1100,"https://raw.githubusercontent.com/PokeAPI/sprites/master/sprites/pokemon/598.png"
165,8,596,718,143,"Galvantula","[""bug"",""electric""]",178.75,"https://raw.githubusercontent.com/PokeAPI/sprites/master/sprites/pokemon/596.png"
60,3,599,721,210,"Klink","[""steel""]",700,"https://raw.githubusercontent.com/PokeAPI/sprites/master/sprites/pokemon/599.png"
260,6,601,723,810,"Klinklang","[""steel""]",1350,"https://raw.githubusercontent.com/PokeAPI/sprites/master/sprites/pokemon/601.png"
55,2,602,724,3,"Tynamo","[""electric""]",15.000000000000002,"https://raw.githubusercontent.com/PokeAPI/sprites/master/sprites/pokemon/602.png"
61,6,597,719,188,"Ferroseed","[""grass"",""steel""]",313.33333333333337,"https://raw.githubusercontent.com/PokeAPI/sprites/master/sprites/pokemon/597.png"
154,6,600,722,510,"Klang","[""steel""]",850,"https://raw.githubusercontent.com/PokeAPI/sprites/master/sprites/pokemon/600.png"
142,12,603,725,220,"Eelektrik","[""electric""]",183.33333333333334,"https://raw.githubusercontent.com/PokeAPI/sprites/master/sprites/pokemon/603.png"
232,21,604,726,805,"Eelektross","[""electric""]",383.33333333333337,"https://raw.githubusercontent.com/PokeAPI/sprites/master/sprites/pokemon/604.png"
67,5,605,727,90,"Elgyem","[""psychic""]",180,"https://raw.githubusercontent.com/PokeAPI/sprites/master/sprites/pokemon/605.png"
170,10,606,728,345,"Beheeyem","[""psychic""]",345,"https://raw.githubusercontent.com/PokeAPI/sprites/master/sprites/pokemon/606.png"
55,3,607,729,31,"Litwick","[""ghost"",""fire""]",103.33333333333334,"https://raw.githubusercontent.com/PokeAPI/sprites/master/sprites/pokemon/607.png"
130,6,608,730,130,"Lampent","[""ghost"",""fire""]",216.66666666666669,"https://raw.githubusercontent.com/PokeAPI/sprites/master/sprites/pokemon/608.png"
260,10,609,731,343,"Chandelure","[""ghost"",""fire""]",343,"https://raw.githubusercontent.com/PokeAPI/sprites/master/sprites/pokemon/609.png"
64,6,610,732,180,"Axew","[""dragon""]",300,"https://raw.githubusercontent.com/PokeAPI/sprites/master/sprites/pokemon/610.png"
270,18,612,734,1055,"Haxorus","[""dragon""]",586.1111111111111,"https://raw.githubusercontent.com/PokeAPI/sprites/master/sprites/pokemon/612.png"
144,10,611,733,360,"Fraxure","[""dragon""]",360,"https://raw.githubusercontent.com/PokeAPI/sprites/master/sprites/pokemon/611.png"
61,5,613,735,85,"Cubchoo","[""ice""]",170,"https://raw.githubusercontent.com/PokeAPI/sprites/master/sprites/pokemon/613.png"
177,26,614,736,2600,"Beartic","[""ice""]",1000,"https://raw.githubusercontent.com/PokeAPI/sprites/master/sprites/pokemon/614.png"
180,11,615,737,1480,"Cryogonal","[""ice""]",1345.4545454545455,"https://raw.githubusercontent.com/PokeAPI/sprites/master/sprites/pokemon/615.png"
61,4,616,738,77,"Shelmet","[""bug""]",192.5,"https://raw.githubusercontent.com/PokeAPI/sprites/master/sprites/pokemon/616.png"
173,8,617,739,253,"Accelgor","[""bug""]",316.25,"https://raw.githubusercontent.com/PokeAPI/sprites/master/sprites/pokemon/617.png"
165,7,618,740,110,"Stunfisk","[""ground"",""electric""]",157.14285714285714,"https://raw.githubusercontent.com/PokeAPI/sprites/master/sprites/pokemon/618.png"
70,9,619,742,200,"Mienfoo","[""fighting""]",222.22222222222223,"https://raw.githubusercontent.com/PokeAPI/sprites/master/sprites/pokemon/619.png"
179,14,620,743,355,"Mienshao","[""fighting""]",253.57142857142856,"https://raw.githubusercontent.com/PokeAPI/sprites/master/sprites/pokemon/620.png"
170,16,621,744,1390,"Druddigon","[""dragon""]",868.75,"https://raw.githubusercontent.com/PokeAPI/sprites/master/sprites/pokemon/621.png"
61,10,622,745,920,"Golett","[""ground"",""ghost""]",920,"https://raw.githubusercontent.com/PokeAPI/sprites/master/sprites/pokemon/622.png"
169,28,623,746,3300,"Golurk","[""ground"",""ghost""]",1178.5714285714284,"https://raw.githubusercontent.com/PokeAPI/sprites/master/sprites/pokemon/623.png"
68,5,624,747,102,"Pawniard","[""dark"",""steel""]",204,"https://raw.githubusercontent.com/PokeAPI/sprites/master/sprites/pokemon/624.png"
172,16,625,748,700,"Bisharp","[""dark"",""steel""]",437.5,"https://raw.githubusercontent.com/PokeAPI/sprites/master/sprites/pokemon/625.png"
172,16,626,749,946,"Bouffalant","[""normal""]",591.25,"https://raw.githubusercontent.com/PokeAPI/sprites/master/sprites/pokemon/626.png"
70,5,627,750,105,"Rufflet","[""normal"",""flying""]",210,"https://raw.githubusercontent.com/PokeAPI/sprites/master/sprites/pokemon/627.png"
179,15,628,751,410,"Braviary","[""normal"",""flying""]",273.33333333333337,"https://raw.githubusercontent.com/PokeAPI/sprites/master/sprites/pokemon/628.png"
74,5,629,752,90,"Vullaby","[""dark"",""flying""]",180,"https://raw.githubusercontent.com/PokeAPI/sprites/master/sprites/pokemon/629.png"
147,14,634,757,500,"Zweilous","[""dark"",""dragon""]",357.1428571428571,"https://raw.githubusercontent.com/PokeAPI/sprites/master/sprites/pokemon/634.png"
169,14,631,754,580,"Heatmor","[""fire""]",414.2857142857142,"https://raw.githubusercontent.com/PokeAPI/sprites/master/sprites/pokemon/631.png"
179,12,630,753,395,"Mandibuzz","[""dark"",""flying""]",329.1666666666667,"https://raw.githubusercontent.com/PokeAPI/sprites/master/sprites/pokemon/630.png"
169,3,632,755,330,"Durant","[""bug"",""steel""]",1100,"https://raw.githubusercontent.com/PokeAPI/sprites/master/sprites/pokemon/632.png"
60,8,633,756,173,"Deino","[""dark"",""dragon""]",216.25,"https://raw.githubusercontent.com/PokeAPI/sprites/master/sprites/pokemon/633.png"
290,21,638,761,2500,"Cobalion","[""steel"",""fighting""]",1190.4761904761906,"https://raw.githubusercontent.com/PokeAPI/sprites/master/sprites/pokemon/638.png"
275,16,637,760,460,"Volcarona","[""bug"",""fire""]",287.5,"https://raw.githubusercontent.com/PokeAPI/sprites/master/sprites/pokemon/637.png"
72,11,636,759,288,"Larvesta","[""bug"",""fire""]",261.8181818181818,"https://raw.githubusercontent.com/PokeAPI/sprites/master/sprites/pokemon/636.png"
300,18,635,758,1600,"Hydreigon","[""dark"",""dragon""]",888.8888888888889,"https://raw.githubusercontent.com/PokeAPI/sprites/master/sprites/pokemon/635.png"
340,32,643,768,3300,"Reshiram","[""dragon"",""fire""]",1031.25,"https://raw.githubusercontent.com/PokeAPI/sprites/master/sprites/pokemon/643.png"
290,15,642,766,610,"Thundurus-incarnate","[""electric"",""flying""]",406.6666666666667,"https://raw.githubusercontent.com/PokeAPI/sprites/master/sprites/pokemon/642.png"
340,29,644,769,3450,"Zekrom","[""dragon"",""electric""]",1189.6551724137933,"https://raw.githubusercontent.com/PokeAPI/sprites/master/sprites/pokemon/644.png"
300,15,645,770,680,"Landorus-incarnate","[""ground"",""flying""]",453.33333333333337,"https://raw.githubusercontent.com/PokeAPI/sprites/master/sprites/pokemon/645.png"
290,19,639,762,2600,"Terrakion","[""rock"",""fighting""]",1368.421052631579,"https://raw.githubusercontent.com/PokeAPI/sprites/master/sprites/pokemon/639.png"
330,30,646,772,3250,"Kyurem","[""dragon"",""ice""]",1083.3333333333335,"https://raw.githubusercontent.com/PokeAPI/sprites/master/sprites/pokemon/646.png"
290,20,640,763,2000,"Virizion","[""grass"",""fighting""]",1000,"https://raw.githubusercontent.com/PokeAPI/sprites/master/sprites/pokemon/640.png"
290,15,641,764,630,"Tornadus-incarnate","[""flying""]",420,"https://raw.githubusercontent.com/PokeAPI/sprites/master/sprites/pokemon/641.png"
270,6,648,777,65,"Meloetta-aria","[""normal"",""psychic""]",108.33333333333334,"https://raw.githubusercontent.com/PokeAPI/sprites/master/sprites/pokemon/648.png"
300,15,649,779,825,"Genesect","[""bug"",""steel""]",550,"https://raw.githubusercontent.com/PokeAPI/sprites/master/sprites/pokemon/649.png"
290,14,647,775,485,"Keldeo-ordinary","[""water"",""fighting""]",346.4285714285714,"https://raw.githubusercontent.com/PokeAPI/sprites/master/sprites/pokemon/647.png"
270,17,10001,515,608,"Deoxys-attack","[""psychic""]",357.6470588235294,"https://raw.githubusercontent.com/PokeAPI/sprites/master/sprites/pokemon/10001.png"
270,17,10002,516,608,"Deoxys-defense","[""psychic""]",357.6470588235294,"https://raw.githubusercontent.com/PokeAPI/sprites/master/sprites/pokemon/10002.png"
148,5,10004,543,65,"Wormadam-sandy","[""bug"",""ground""]",130,"https://raw.githubusercontent.com/PokeAPI/sprites/master/sprites/pokemon/10004.png"
270,17,10003,517,608,"Deoxys-speed","[""psychic""]",357.6470588235294,"https://raw.githubusercontent.com/PokeAPI/sprites/master/sprites/pokemon/10003.png"
148,5,10005,544,65,"Wormadam-trash","[""bug"",""steel""]",130,"https://raw.githubusercontent.com/PokeAPI/sprites/master/sprites/pokemon/10005.png"
270,4,10006,607,52,"Shaymin-sky","[""grass"",""flying""]",130,"https://raw.githubusercontent.com/PokeAPI/sprites/master/sprites/pokemon/10006.png"
340,69,10007,601,6500,"Giratina-origin","[""ghost"",""dragon""]",942.0289855072463,"https://raw.githubusercontent.com/PokeAPI/sprites/master/sprites/pokemon/10007.png"
182,3,10008,588,3,"Rotom-heat","[""electric"",""fire""]",10.000000000000002,"https://raw.githubusercontent.com/PokeAPI/sprites/master/sprites/pokemon/10008.png"
182,3,10009,589,3,"Rotom-wash","[""electric"",""water""]",10.000000000000002,"https://raw.githubusercontent.com/PokeAPI/sprites/master/sprites/pokemon/10009.png"
182,3,10010,590,3,"Rotom-frost","[""electric"",""ice""]",10.000000000000002,"https://raw.githubusercontent.com/PokeAPI/sprites/master/sprites/pokemon/10010.png"
182,3,10011,591,3,"Rotom-fan","[""electric"",""flying""]",10.000000000000002,"https://raw.githubusercontent.com/PokeAPI/sprites/master/sprites/pokemon/10011.png"
182,3,10012,592,3,"Rotom-mow","[""electric"",""grass""]",10.000000000000002,"https://raw.githubusercontent.com/PokeAPI/sprites/master/sprites/pokemon/10012.png"
147,3,10013,465,8,"Castform-sunny","[""fire""]",26.666666666666668,"https://raw.githubusercontent.com/PokeAPI/sprites/master/sprites/pokemon/10013.png"
147,3,10014,466,8,"Castform-rainy","[""water""]",26.666666666666668,"https://raw.githubusercontent.com/PokeAPI/sprites/master/sprites/pokemon/10014.png"
147,3,10015,467,8,"Castform-snowy","[""ice""]",26.666666666666668,"https://raw.githubusercontent.com/PokeAPI/sprites/master/sprites/pokemon/10015.png"
161,10,10016,667,180,"Basculin-blue-striped","[""water""]",180,"https://raw.githubusercontent.com/PokeAPI/sprites/master/sprites/pokemon/10016.png"
189,13,10017,674,929,"Darmanitan-zen","[""fire"",""psychic""]",714.6153846153846,"https://raw.githubusercontent.com/PokeAPI/sprites/master/sprites/pokemon/10017.png"
270,6,10018,778,65,"Meloetta-pirouette","[""normal"",""fighting""]",108.33333333333334,"https://raw.githubusercontent.com/PokeAPI/sprites/master/sprites/pokemon/10018.png"